studyYear,studyDesign,plantingDate,harvestDate,germplasmName,observationLevel,observationUnitName,replicate,plotNumber,rowNumber,colNumber,Chalky seeds|LSU_01:0000107,Days to heading|LSU_01:0000130,Emergence date|LSU_01:0000128,Grain length average|LSU_01:0000102,Grain length-width ratio average|LSU_01:0000105,Grain whiteness average|LSU_01:0000106,Grain width average|LSU_01:0000103,Harvest moisture|LSU_01:0000136,Harvest weight|LSU_01:0000137,Heading date|LSU_01:0000129,Lodging|LSU_01:0000135,Plant height|LSU_01:0000132,Plot stand near flood|LSU_01:0000133,Ratoon moisture|LSU_01:0000139,Ratoon weight|LSU_01:0000140,Ratoon yield|LSU_01:0000141,Seedling vigor|LSU_01:0000131,Total milling percentage|LSU_01:0000101,Whole milling percentage|LSU_01:0000100,Yield
2024,RCBD,2024-February-26,2024-July-22,19T-029-4,plot,24_AYT_CL_RRS-rep1-19T-029-4_30,1,30,8,3,14.3,97,3/9/2024,6.5,2.78,43,2.34,19.2,16.33,6/14/2024,0,103,7,17.3,5.42,3396.107138,5,69.27,61.08,9996.963978
2024,RCBD,2024-February-26,2024-July-22,19T-030-24,plot,24_AYT_CL_RRS-rep1-19T-030-24_4,1,4,1,4,18.7,94,3/9/2024,6.78,2.94,43,2.31,16.5,16.74,6/11/2024,0,103,7,13.7,5.73,3746.640335,3,70.01,64.36,10590.40359
2024,RCBD,2024-February-26,2024-July-22,19T-033-31,plot,24_AYT_CL_RRS-rep1-19T-033-31_15,1,15,4,2,16.2,98,3/9/2024,6.65,3.14,43.7,2.12,17.6,16.84,6/15/2024,0,100,7,17.2,4.62,2898.337119,5,69.67,63.49,10513.31993
2024,RCBD,2024-February-26,2024-July-22,19T-033-35,plot,24_AYT_CL_RRS-rep1-19T-033-35_20,1,20,5,4,16.2,98,3/9/2024,6.72,3.11,42.3,2.16,19.1,17.14,6/15/2024,0,103,7,19.3,5.79,3540.207233,3,69.1,62.58,10505.81916
2024,RCBD,2024-February-26,2024-July-22,19T-033-38,plot,24_AYT_CL_RRS-rep1-19T-033-38_24,1,24,6,1,16.8,98,3/9/2024,6.75,3.18,43,2.12,18.9,16.4,6/15/2024,0,109,5,17.3,4.37,2738.189704,5,68.53,61,10077.0934
2024,RCBD,2024-February-26,2024-July-22,19T-033-63,plot,24_AYT_CL_RRS-rep1-19T-033-63_16,1,16,4,1,13.7,99,3/9/2024,6.63,3.04,42.1,2.18,18.4,16.11,6/16/2024,0,97,7,17.8,4.62,2877.334676,5,69.39,63.15,9959.929879
2024,RCBD,2024-February-26,2024-July-22,19T-179-23,plot,24_AYT_CL_RRS-rep1-19T-179-23_14,1,14,4,3,23.4,99,3/9/2024,6.03,2.23,42.3,2.7,20.7,20.11,6/16/2024,0,116,7,16.9,4.65,2927.726901,3,67.87,61.91,12082.47318
2024,RCBD,2024-February-26,2024-July-22,19T-183-CL-1,plot,24_AYT_CL_RRS-rep1-19T-183-CL-1_27,1,27,7,3,32.9,97,3/9/2024,5.7,2.24,40.1,2.55,20.6,18.24,6/14/2024,0,108,7,19.4,4.06,2479.348991,3,67.32,60.78,10972.76096
2024,RCBD,2024-February-26,2024-July-22,19T-183-CL-6,plot,24_AYT_CL_RRS-rep1-19T-183-CL-6_12,1,12,3,4,23.7,94,3/9/2024,5.98,2.39,40.1,2.5,18.7,19.44,6/11/2024,0,98,7,15.3,4.94,3170.202074,3,70.12,64.06,11974.49999
2024,RCBD,2024-February-26,2024-July-22,202L2096,plot,24_AYT_CL_RRS-rep1-202L2096_23,1,23,6,2,8.6,99,3/9/2024,7.05,3.29,37.1,2.14,22.6,13.75,6/16/2024,0,114,5,17.3,3.87,2424.895687,5,68.49,62.4,8063.326406
2024,RCBD,2024-February-26,2024-July-22,202L2141,plot,24_AYT_CL_RRS-rep1-202L2141_26,1,26,7,2,18,100,3/9/2024,7.15,3.31,40.1,2.16,21.7,14.87,6/17/2024,0,111,7,18.6,3.76,2318.936393,3,67.69,57.91,8821.517749
2024,RCBD,2024-February-26,2024-July-22,212L2252,plot,24_AYT_CL_RRS-rep1-212L2252_7,1,7,2,2,12,98,3/9/2024,6.96,3.12,32.6,2.23,18.3,15,6/15/2024,0,95,7,14.7,4.66,3011.69879,5,71.58,66.49,9285.042528
2024,RCBD,2024-February-26,2024-July-22,212M1076,plot,24_AYT_CL_RRS-rep1-212M1076_5,1,5,2,4,19.2,98,3/9/2024,5.88,2.28,37.8,2.58,17.4,18.33,6/15/2024,0,102,7,13.9,4.52,2948.615695,3,70.85,65.3,11471.31205
2024,RCBD,2024-February-26,2024-July-22,212M1144,plot,24_AYT_CL_RRS-rep1-212M1144_22,1,22,6,3,24.8,98,3/9/2024,5.99,2.27,43.7,2.64,17.8,18.43,6/15/2024,0,117,7,14.6,3.74,2419.948142,1,67.18,61.18,11478.04001
2024,RCBD,2024-February-26,2024-July-22,222L1075,plot,24_AYT_CL_RRS-rep1-222L1075_3,1,3,1,3,24.1,96,3/9/2024,6.71,2.98,43.7,2.25,16.2,18.51,6/13/2024,0,103,7,13.1,4.41,2903.58773,3,70.15,64.18,11752.24994
2024,RCBD,2024-February-26,2024-July-22,222L1082,plot,24_AYT_CL_RRS-rep1-222L1082_17,1,17,5,1,17.4,97,3/9/2024,6.75,3.12,42.1,2.16,19.4,17.72,6/14/2024,0,100,7,16.6,4.41,2786.642309,5,69.8,63.61,10821.04844
2024,RCBD,2024-February-26,2024-July-22,222L1147,plot,24_AYT_CL_RRS-rep1-222L1147_11,1,11,3,3,22.5,97,3/9/2024,7.08,3.34,43.5,2.12,18,19.53,6/14/2024,0,100,7,18.5,5.15,3180.104741,3,69.69,58.19,12133.51629
2024,RCBD,2024-February-26,2024-July-22,222L1161,plot,24_AYT_CL_RRS-rep1-222L1161_19,1,19,5,3,18.9,99,3/9/2024,6.7,3.02,43.5,2.22,22.3,16.15,6/16/2024,0,96,5,17.9,5.7,3545.639683,5,67.24,59.74,9507.451687
2024,RCBD,2024-February-26,2024-July-22,222M1096,plot,24_AYT_CL_RRS-rep1-222M1096_10,1,10,3,2,9.9,99,3/9/2024,6.03,2.29,38.6,2.63,18.4,19.6,6/16/2024,0,108,7,12.4,4.12,2734.499881,3,70.15,66.31,12117.60556
2024,RCBD,2024-February-26,2024-July-22,CL153,plot,24_AYT_CL_RRS-rep1-CL153_18,1,18,5,2,16.4,98,3/9/2024,6.73,3.14,43.2,2.14,18.4,16.3,6/15/2024,0,104,7,19.1,4.37,2678.591863,3,69.96,64.13,10077.39646
2024,RCBD,2024-February-26,2024-July-22,CLHA03,plot,24_AYT_CL_RRS-rep1-CLHA03_13,1,13,4,4,21.5,97,3/9/2024,6.58,2.85,44.9,2.31,18.1,15.41,6/14/2024,0,103,7,16.7,4.77,3010.509257,3,68.92,62.47,9562.184569
2024,RCBD,2024-February-26,2024-July-22,CLJ01,plot,24_AYT_CL_RRS-rep1-CLJ01_9,1,9,3,1,9,98,3/9/2024,6.85,3.26,31.9,2.1,19.1,15.36,6/15/2024,0,102,7,16.8,4.36,2748.440896,5,70.57,66.61,9414.783098
2024,RCBD,2024-February-26,2024-July-22,CLL18,plot,24_AYT_CL_RRS-rep1-CLL18_28,1,28,7,4,31.4,99,3/9/2024,6.78,3.17,44.6,2.14,42.1,17.98,6/16/2024,0,100,5,21.4,5.64,3358.754309,3,66.7,56.84,7887.490203
2024,RCBD,2024-February-26,2024-July-22,CLL19,plot,24_AYT_CL_RRS-rep1-CLL19_2,1,2,1,2,24.2,95,3/9/2024,6.67,3.02,43.7,2.21,16.7,17.58,6/12/2024,0,96,7,14.8,4.11,2653.126779,3,69.69,61.94,11095.18259
2024,RCBD,2024-February-26,2024-July-22,CLM04,plot,24_AYT_CL_RRS-rep1-CLM04_25,1,25,7,1,15.1,98,3/9/2024,5.82,2.23,39.7,2.61,19.7,18.1,6/15/2024,0,115,7,17.2,3.98,2496.835873,3,68.07,62.93,11011.96194
2024,RCBD,2024-February-26,2024-July-22,CLM05,plot,24_AYT_CL_RRS-rep1-CLM05_21,1,21,6,4,22.3,98,3/9/2024,6.21,2.44,42.3,2.55,18.3,18.78,6/15/2024,0,109,7,15.1,5.4,3473.585847,1,67.07,62.88,11624.87325
2024,RCBD,2024-February-26,2024-July-22,MP6_397,plot,24_AYT_CL_RRS-rep1-MP6_397_29,1,29,8,4,24.4,96,3/9/2024,6.9,3.29,45.1,2.1,16.3,16.31,6/13/2024,0,107,7,21,5.76,3447.673742,3,69.48,61.17,10343.08278
2024,RCBD,2024-February-26,2024-July-22,RU1902034,plot,24_AYT_CL_RRS-rep1-RU1902034_8,1,8,2,1,28.8,97,3/9/2024,6.79,3,41.9,2.26,17.4,17.82,6/14/2024,0,101,7,16.2,4.48,2844.452064,3,68.41,59.37,11152.14298
2024,RCBD,2024-February-26,2024-July-22,RU2102217,plot,24_AYT_CL_RRS-rep1-RU2102217_1,1,1,1,1,37.7,93,3/9/2024,6.94,3.04,43.5,2.28,17.9,18.98,6/10/2024,0,100,7,12.3,3.94,2618.016635,3,69.34,58.97,11806.19486
2024,RCBD,2024-February-26,2024-July-22,RU2102222,plot,24_AYT_CL_RRS-rep1-RU2102222_6,1,6,2,3,12.4,97,3/9/2024,7.08,3.4,41.2,2.08,17.6,16.79,6/14/2024,0,94,7,17.3,5.33,3339.714215,5,71.32,66.12,10482.10461
2024,RCBD,2024-February-26,2024-July-22,19T-029-4,plot,24_AYT_CL_RRS-rep2-19T-029-4_33,2,33,9,1,15.8,98,3/9/2024,6.53,2.86,43.9,2.28,19,17.29,6/15/2024,0,105,7,15.3,4.41,2830.07918,5,69.04,61.63,10610.86023
2024,RCBD,2024-February-26,2024-July-22,19T-030-24,plot,24_AYT_CL_RRS-rep2-19T-030-24_60,2,60,15,4,20.5,96,3/9/2024,6.91,3.07,42.8,2.25,19.1,16.79,6/13/2024,0,101,7,17.6,6.2,3870.753256,3,69.77,64.23,10291.2896
2024,RCBD,2024-February-26,2024-July-22,19T-033-31,plot,24_AYT_CL_RRS-rep2-19T-033-31_55,2,55,14,2,15.9,98,3/9/2024,6.7,3.13,43.2,2.14,18.8,16.73,6/15/2024,0,109,7,17.5,5.28,3300.383883,5,70.1,63.66,10292.53973
2024,RCBD,2024-February-26,2024-July-22,19T-033-35,plot,24_AYT_CL_RRS-rep2-19T-033-35_54,2,54,14,3,20.5,98,3/9/2024,6.79,3.23,42.8,2.1,19.4,17.63,6/15/2024,0,105,7,19.2,5.32,3256.863669,3,69.73,63.53,10766.08826
2024,RCBD,2024-February-26,2024-July-22,19T-033-38,plot,24_AYT_CL_RRS-rep2-19T-033-38_56,2,56,14,1,21.4,99,3/9/2024,6.78,3.23,43.2,2.1,18.4,16.84,6/16/2024,0,110,7,16.3,4.39,2783.982909,5,69.22,62.65,10411.24886
2024,RCBD,2024-February-26,2024-July-22,19T-033-63,plot,24_AYT_CL_RRS-rep2-19T-033-63_43,2,43,11,3,18.2,99,3/9/2024,6.58,3.03,43.9,2.17,19.1,16.6,6/16/2024,0,103,7,18.7,5.22,3215.419455,5,69.31,62.24,10174.83069
2024,RCBD,2024-February-26,2024-July-22,19T-179-23,plot,24_AYT_CL_RRS-rep2-19T-179-23_47,2,47,12,2,18.7,98,3/9/2024,5.99,2.26,42.1,2.65,20.7,19.45,6/15/2024,0,121,7,17.4,4.89,3060.310504,3,67.07,60.71,11685.93253
2024,RCBD,2024-February-26,2024-July-22,19T-183-CL-1,plot,24_AYT_CL_RRS-rep2-19T-183-CL-1_52,2,52,13,4,33.6,97,3/9/2024,5.74,2.27,39.4,2.53,20.3,20.63,6/14/2024,0,111,7,19.3,5.01,3063.288124,3,67.64,61.57,12457.42069
2024,RCBD,2024-February-26,2024-July-22,19T-183-CL-6,plot,24_AYT_CL_RRS-rep2-19T-183-CL-6_39,2,39,10,2,27.7,95,3/9/2024,5.89,2.43,42.3,2.42,19.1,20.02,6/12/2024,0,105,7,17.2,4.25,2666.219211,3,68.52,60.2,12271.09099
2024,RCBD,2024-February-26,2024-July-22,202L2096,plot,24_AYT_CL_RRS-rep2-202L2096_59,2,59,15,3,10.9,99,3/9/2024,7.02,3.24,34.5,2.17,21.1,15.24,6/16/2024,0,122,7,20.2,4.67,2823.555694,3,69.61,64.75,9110.297346
2024,RCBD,2024-February-26,2024-July-22,202L2141,plot,24_AYT_CL_RRS-rep2-202L2141_48,2,48,12,1,20.7,101,3/9/2024,7.09,3.22,41.2,2.2,24.4,14.58,6/18/2024,0,119,7,19.9,3.66,2221.212905,5,66.69,56.59,8351.219549
2024,RCBD,2024-February-26,2024-July-22,212L2252,plot,24_AYT_CL_RRS-rep2-212L2252_35,2,35,9,3,13.4,97,3/9/2024,6.96,3.16,33.8,2.2,17.7,15.39,6/14/2024,0,98,5,16.1,5.19,3299.179197,3,70.94,65.14,9596.41535
2024,RCBD,2024-February-26,2024-July-22,212M1076,plot,24_AYT_CL_RRS-rep2-212M1076_37,2,37,10,4,17.7,96,3/9/2024,5.87,2.29,38,2.56,18.3,17.63,6/13/2024,0,104,5,17.1,4.1,2575.223779,1,70.22,63.86,10913.01999
2024,RCBD,2024-February-26,2024-July-22,212M1144,plot,24_AYT_CL_RRS-rep2-212M1144_41,2,41,11,1,25.2,98,3/9/2024,6.05,2.29,43.2,2.64,18.8,17.76,6/15/2024,0,119,7,15,3.41,2196.088771,1,66.87,53.08,10926.21073
2024,RCBD,2024-February-26,2024-July-22,222L1075,plot,24_AYT_CL_RRS-rep2-222L1075_32,2,32,8,1,20.1,98,3/9/2024,6.61,2.9,44.2,2.28,18.8,16.1,6/15/2024,0,103,7,15.2,4.05,2602.120847,5,68.93,61.9,9904.954548
2024,RCBD,2024-February-26,2024-July-22,222L1082,plot,24_AYT_CL_RRS-rep2-222L1082_44,2,44,11,4,17.8,97,3/9/2024,6.78,3.11,42.8,2.18,20.2,17.93,6/14/2024,0,109,5,16.4,5.15,3262.04609,5,69.15,62.51,10840.61105
2024,RCBD,2024-February-26,2024-July-22,222L1147,plot,24_AYT_CL_RRS-rep2-222L1147_49,2,49,13,1,21.7,98,3/9/2024,6.95,3.26,46.6,2.13,20.3,17.73,6/15/2024,0,104,7,19,4.08,2503.927607,3,68.42,55.85,10706.25637
2024,RCBD,2024-February-26,2024-July-22,222L1161,plot,24_AYT_CL_RRS-rep2-222L1161_53,2,53,14,4,18.2,96,3/9/2024,6.69,3.04,44.2,2.2,22.6,15.58,6/13/2024,0,96,5,17.6,6.68,4170.424475,5,66.68,59.48,9136.481848
2024,RCBD,2024-February-26,2024-July-22,222M1096,plot,24_AYT_CL_RRS-rep2-222M1096_57,2,57,15,1,9.5,99,3/9/2024,6.06,2.32,40.3,2.61,19.3,17.71,6/16/2024,0,106,7,11.3,4.2,2822.601037,3,69.92,66.72,10828.35979
2024,RCBD,2024-February-26,2024-July-22,CL153,plot,24_AYT_CL_RRS-rep2-CL153_51,2,51,13,3,17.2,98,3/9/2024,6.76,3.1,42.5,2.18,19.1,17.57,6/15/2024,0,101,7,19.5,5.37,3275.267325,3,70.63,65.85,10769.38405
2024,RCBD,2024-February-26,2024-July-22,CLHA03,plot,24_AYT_CL_RRS-rep2-CLHA03_46,2,46,12,3,21.3,96,3/9/2024,6.56,2.84,45.4,2.31,19.4,15.32,6/13/2024,0,101,7,16.3,4.26,2701.541502,3,68.49,60.82,9355.443683
2024,RCBD,2024-February-26,2024-July-22,CLJ01,plot,24_AYT_CL_RRS-rep2-CLJ01_50,2,50,13,2,5.3,99,3/9/2024,6.83,3.25,33,2.1,19.6,14.84,6/16/2024,0,98,7,17.1,5.15,3234.732307,3,71.7,68.16,9039.835579
2024,RCBD,2024-February-26,2024-July-22,CLL18,plot,24_AYT_CL_RRS-rep2-CLL18_45,2,45,12,4,30.4,99,3/9/2024,6.61,3.12,44.9,2.12,21.8,16.72,6/16/2024,0,114,5,19.3,4.94,3020.487691,3,64.91,53.05,9906.34863
2024,RCBD,2024-February-26,2024-July-22,CLL19,plot,24_AYT_CL_RRS-rep2-CLL19_36,2,36,9,4,28.2,95,3/9/2024,6.61,2.92,44.4,2.26,16.8,16.32,6/12/2024,0,90,5,19.8,5.23,3177.990859,3,69.4,61.43,10287.59983
2024,RCBD,2024-February-26,2024-July-22,CLM04,plot,24_AYT_CL_RRS-rep2-CLM04_31,2,31,8,2,15.5,98,3/9/2024,5.84,2.24,39.4,2.61,20,17.76,6/15/2024,0,103,5,16.9,3.95,2486.993819,3,69.27,64.8,10764.73964
2024,RCBD,2024-February-26,2024-July-22,CLM05,plot,24_AYT_CL_RRS-rep2-CLM05_38,2,38,10,3,17.2,98,3/9/2024,6.29,2.46,41.4,2.56,18.2,17.82,6/15/2024,0,110,7,15,4.45,2865.863645,1,67.04,62.53,11044.13191
2024,RCBD,2024-February-26,2024-July-22,MP6_397,plot,24_AYT_CL_RRS-rep2-MP6_397_58,2,58,15,2,26.6,98,3/9/2024,6.9,3.32,46.1,2.08,17.4,16.5,6/15/2024,0,103,7,15.5,5,3201.129914,3,69.73,61.09,10326.05831
2024,RCBD,2024-February-26,2024-July-22,RU1902034,plot,24_AYT_CL_RRS-rep2-RU1902034_40,2,40,10,1,25.1,98,3/9/2024,6.66,2.99,43.5,2.23,18,16.35,6/15/2024,0,102,5,16.3,4.26,2701.541502,5,67.4,58.67,10157.85926
2024,RCBD,2024-February-26,2024-July-22,RU2102217,plot,24_AYT_CL_RRS-rep2-RU2102217_42,2,42,11,2,34.9,95,3/9/2024,6.9,3.01,45.8,2.29,19.3,16.17,6/12/2024,0,95,7,18.8,5.68,3494.467064,3,69.04,58.36,9886.763289
2024,RCBD,2024-February-26,2024-July-22,RU2102222,plot,24_AYT_CL_RRS-rep2-RU2102222_34,2,34,9,2,15.4,98,3/9/2024,7.03,3.35,43,2.1,18.4,16.01,6/15/2024,0,100,7,16.7,4.29,2707.564929,3,70.65,64.57,9898.105361
2024,RCBD,2024-February-29,2024-July-30,19T-029-4,plot,24_AYT_CL_SF-rep1-19T-029-4_27,1,27,6,4,10.9,88,3/11/2024,6.39,2.8,46.1,2.28,12.9,14.4,6/7/2024,80,102,7,18.8,7.76,4774.131059,3,68.13,56.04,9502.792118
2024,RCBD,2024-February-29,2024-July-30,19T-030-24,plot,24_AYT_CL_SF-rep1-19T-030-24_11,1,11,3,1,16.5,87,3/11/2024,6.8,3.11,46.8,2.19,12.7,14.04,6/6/2024,0,91,7,15.1,4.15,2669.515049,3,67.77,57.9,9286.497223
2024,RCBD,2024-February-29,2024-July-30,19T-033-31,plot,24_AYT_CL_SF-rep1-19T-033-31_17,1,17,4,4,12.2,90,3/11/2024,6.51,3.06,45.4,2.13,13.3,13.08,6/9/2024,40,98,7,15.9,5.38,3428.110861,3,67.42,58.01,8592.062414
2024,RCBD,2024-February-29,2024-July-30,19T-033-35,plot,24_AYT_CL_SF-rep1-19T-033-35_20,1,20,4,1,11.8,88,3/11/2024,6.73,3.27,45.4,2.06,12,14.13,6/7/2024,40,103,7,15.6,5.68,3632.180052,3,67.78,59.09,9420.96555
2024,RCBD,2024-February-29,2024-July-30,19T-033-38,plot,24_AYT_CL_SF-rep1-19T-033-38_14,1,14,3,4,10.9,91,3/11/2024,6.71,3.21,44.4,2.09,14.7,14.63,6/10/2024,30,107,7,16.2,5.73,3638.104983,3,68.76,60.38,9455.052377
2024,RCBD,2024-February-29,2024-July-30,19T-033-63,plot,24_AYT_CL_SF-rep1-19T-033-63_12,1,12,3,2,10.6,90,3/11/2024,6.5,3.08,44.9,2.11,12.8,14.38,6/9/2024,30,103,7,16,5.74,3653.152188,3,68.73,59.72,9500.488852
2024,RCBD,2024-February-29,2024-July-30,19T-179-23,plot,24_AYT_CL_SF-rep1-19T-179-23_1,1,1,1,1,19.2,92,3/11/2024,6.02,2.27,41.6,2.65,15.4,18.94,6/11/2024,10,114,7,14.9,4.93,3178.725793,1,66.77,59.22,12140.06241
2024,RCBD,2024-February-29,2024-July-30,19T-183-CL-1,plot,24_AYT_CL_SF-rep1-19T-183-CL-1_7,1,7,2,4,19.1,93,3/11/2024,5.8,2.32,40.8,2.5,17.2,13.19,6/12/2024,30,107,7,17.6,4.32,2697.040978,3,66.45,54,8274.57533
2024,RCBD,2024-February-29,2024-July-30,19T-183-CL-6,plot,24_AYT_CL_SF-rep1-19T-183-CL-6_5,1,5,1,5,19.8,88,3/11/2024,5.84,2.42,40.8,2.41,16.5,11.8,6/7/2024,50,101,7,16.7,4.47,2821.169052,3,67.6,57.86,7465.15904
2024,RCBD,2024-February-29,2024-July-30,202L2096,plot,24_AYT_CL_SF-rep1-202L2096_6,1,6,2,5,6.9,94,3/11/2024,6.55,2.95,39.7,2.22,16.2,7,6/13/2024,80,111,7,17,5.45,3427.292584,3,67.6,55.14,4444.394898
2024,RCBD,2024-February-29,2024-July-30,202L2141,plot,24_AYT_CL_SF-rep1-202L2141_15,1,15,3,5,24.4,95,3/11/2024,7.04,3.34,43,2.11,14.1,13.88,6/14/2024,70,106,7,17.6,4.95,3090.359454,3,67.85,53.96,9033.440984
2024,RCBD,2024-February-29,2024-July-30,212L2252,plot,24_AYT_CL_SF-rep1-212L2252_19,1,19,4,2,7.4,87,3/11/2024,6.92,3.3,34.5,2.1,15,13.06,6/6/2024,0,94,7,13.3,3.71,2437.078923,3,70.59,63.16,8410.710494
2024,RCBD,2024-February-29,2024-July-30,212M1076,plot,24_AYT_CL_SF-rep1-212M1076_2,1,2,1,2,13.7,92,3/11/2024,5.91,2.27,38.6,2.6,14.5,12.3,6/11/2024,0,103,7,15.8,2.87,1830.925085,1,69.21,63.25,7967.862077
2024,RCBD,2024-February-29,2024-July-30,212M1144,plot,24_AYT_CL_SF-rep1-212M1144_26,1,26,6,5,18.7,92,3/11/2024,6,2.33,44.9,2.58,19,10.16,6/11/2024,80,105,7,15,4.29,2762.821357,1,66.68,51.01,6235.184495
2024,RCBD,2024-February-29,2024-July-30,222L1075,plot,24_AYT_CL_SF-rep1-222L1075_23,1,23,5,3,18.2,90,3/11/2024,6.7,3.07,46.1,2.18,13.2,13.09,6/9/2024,50,105,7,16.8,4.97,3132.970471,3,68.28,58.33,8608.548953
2024,RCBD,2024-February-29,2024-July-30,222L1082,plot,24_AYT_CL_SF-rep1-222L1082_29,1,29,6,2,11.4,88,3/11/2024,6.81,3.24,43.5,2.1,14.4,17.24,6/7/2024,0,107,7,14.4,4.98,3229.830222,3,67.85,59.36,11181.02473
2024,RCBD,2024-February-29,2024-July-30,222L1147,plot,24_AYT_CL_SF-rep1-222L1147_10,1,10,2,1,16.9,88,3/11/2024,6.9,3.24,48.3,2.13,13.7,14.6,6/7/2024,30,100,7,14.6,5.1,3299.929285,3,67.77,50.3,9546.281424
2024,RCBD,2024-February-29,2024-July-30,222L1161,plot,24_AYT_CL_SF-rep1-222L1161_25,1,25,5,5,17.4,87,3/11/2024,6.73,3.13,45.4,2.15,16.3,16.45,6/6/2024,20,99,7,16.6,4.82,3045.717898,3,67.74,53.78,10431.86461
2024,RCBD,2024-February-29,2024-July-30,222M1096,plot,24_AYT_CL_SF-rep1-222M1096_4,1,4,1,4,8.1,95,3/11/2024,5.85,2.24,39.4,2.61,14.8,15.06,6/14/2024,0,101,7,13.8,4.31,2814.888019,3,68.36,64.04,9721.54181
2024,RCBD,2024-February-29,2024-July-30,CL153,plot,24_AYT_CL_SF-rep1-CL153_30,1,30,6,1,10.4,88,3/11/2024,6.78,3.24,45.6,2.09,13.3,14.75,6/7/2024,0,100,7,15.7,4.83,3084.972464,3,69.41,62.5,9689.061209
2024,RCBD,2024-February-29,2024-July-30,CLHA03,plot,24_AYT_CL_SF-rep1-CLHA03_13,1,13,3,3,16.1,88,3/11/2024,6.52,2.92,47.1,2.23,13.6,14,6/7/2024,10,99,7,15.8,5.02,3202.524016,3,68.54,59.94,9164.575636
2024,RCBD,2024-February-29,2024-July-30,CLJ01,plot,24_AYT_CL_SF-rep1-CLJ01_22,1,22,5,2,2.7,94,3/11/2024,6.8,3.24,33.9,2.1,13.4,12.88,6/13/2024,10,102,7,13.6,4.48,2932.704753,3,71.1,66.81,8450.926737
2024,RCBD,2024-February-29,2024-July-30,CLL18,plot,24_AYT_CL_SF-rep1-CLL18_18,1,18,4,3,30,91,3/11/2024,6.57,3.11,46.1,2.11,14.2,20.52,6/10/2024,10,107,7,19.2,7.66,4689.39393,1,66.92,53.61,13339.36715
2024,RCBD,2024-February-29,2024-July-30,CLL19,plot,24_AYT_CL_SF-rep1-CLL19_9,1,9,2,2,23.3,87,3/11/2024,6.57,3.1,47.1,2.12,14.1,15.3,6/6/2024,30,100,7,15.2,5.38,3456.644483,3,67.66,56.26,9957.61146
2024,RCBD,2024-February-29,2024-July-30,CLM04,plot,24_AYT_CL_SF-rep1-CLM04_28,1,28,6,3,14.1,93,3/11/2024,5.88,2.29,40.1,2.57,16.2,18.99,6/12/2024,30,105,7,15.6,5.3,3389.18209,1,68.69,63.3,12057.00844
2024,RCBD,2024-February-29,2024-July-30,CLM05,plot,24_AYT_CL_SF-rep1-CLM05_24,1,24,5,4,13.1,92,3/11/2024,6.23,2.48,43.2,2.51,14.6,19,6/11/2024,0,108,7,16.3,5.96,3779.621444,3,66.88,60.12,12293.68422
2024,RCBD,2024-February-29,2024-July-30,MP6_397,plot,24_AYT_CL_SF-rep1-MP6_397_3,1,3,1,3,13.4,88,3/11/2024,6.84,3.32,44.6,2.06,12.1,12.86,6/7/2024,30,92,7,15.3,4.11,2637.556787,3,69.11,59.18,8564.468677
2024,RCBD,2024-February-29,2024-July-30,RU1902034,plot,24_AYT_CL_SF-rep1-RU1902034_8,1,8,2,3,20.2,88,3/11/2024,6.62,3.11,45.6,2.13,13.1,11.81,6/7/2024,70,102,7,19.4,5.8,3541.92713,3,67.5,52.85,7775.713596
2024,RCBD,2024-February-29,2024-July-30,RU2102217,plot,24_AYT_CL_SF-rep1-RU2102217_16,1,16,4,5,31.4,87,3/11/2024,6.91,3.14,47.1,2.2,17.8,14.19,6/6/2024,40,95,7,17.7,5.95,3710.166395,1,66.99,46.1,8837.405741
2024,RCBD,2024-February-29,2024-July-30,RU2102222,plot,24_AYT_CL_SF-rep1-RU2102222_21,1,21,5,1,15.1,88,3/11/2024,7.04,3.45,44.4,2.04,12.5,15.9,6/7/2024,0,99,7,16.8,6.64,4185.698979,3,69.67,59.89,10540.85305
2024,RCBD,2024-February-29,2024-July-30,19T-029-4,plot,24_AYT_CL_SF-rep2-19T-029-4_51,2,51,11,1,13.4,88,3/11/2024,6.44,2.75,43.5,2.34,14.9,17.7,6/7/2024,30,110,7,17.8,7.11,4428.105963,3,69.97,62.01,11412.30601
2024,RCBD,2024-February-29,2024-July-30,19T-030-24,plot,24_AYT_CL_SF-rep2-19T-030-24_31,2,31,7,1,13.7,86,3/11/2024,6.86,3.1,44.9,2.21,14.9,14.22,6/5/2024,30,105,7,14.9,4.94,3185.173513,3,68.54,59.69,9168.530587
2024,RCBD,2024-February-29,2024-July-30,19T-033-31,plot,24_AYT_CL_SF-rep2-19T-033-31_40,2,40,8,1,12.3,89,3/11/2024,6.67,3.18,45.8,2.1,16.2,11.45,6/8/2024,60,106,7,15.7,5.69,3634.263627,3,69,59.14,7269.760226
2024,RCBD,2024-February-29,2024-July-30,19T-033-35,plot,24_AYT_CL_SF-rep2-19T-033-35_45,2,45,9,5,12.2,90,3/11/2024,6.82,3.31,43.2,2.06,15,13.84,6/9/2024,40,99,7,16.5,4.85,3068.349318,3,69.34,60.58,8913.034705
2024,RCBD,2024-February-29,2024-July-30,19T-033-38,plot,24_AYT_CL_SF-rep2-19T-033-38_37,2,37,8,4,11.3,88,3/11/2024,6.79,3.28,44.6,2.07,13.5,14.61,6/7/2024,30,111,7,18.8,4.76,2928.461835,3,67.28,58.71,9574.958605
2024,RCBD,2024-February-29,2024-July-30,19T-033-63,plot,24_AYT_CL_SF-rep2-19T-033-63_58,2,58,12,3,15.7,89,3/11/2024,6.54,3.08,45.8,2.12,13.9,12.3,6/8/2024,50,106,7,17.5,6.72,4200.488578,3,68.51,58.89,8023.776898
2024,RCBD,2024-February-29,2024-July-30,19T-179-23,plot,24_AYT_CL_SF-rep2-19T-179-23_52,2,52,11,2,19.8,94,3/11/2024,6.04,2.26,40.5,2.67,19.5,15.18,6/13/2024,50,112,7,16.3,6.7,4248.903301,3,68.73,60.7,9258.448894
2024,RCBD,2024-February-29,2024-July-30,19T-183-CL-1,plot,24_AYT_CL_SF-rep2-19T-183-CL-1_55,2,55,11,5,27.9,92,3/11/2024,5.71,2.28,40.8,2.5,20.5,16.31,6/11/2024,30,111,7,16.2,4.59,2914.293521,3,66.87,62.79,9824.075046
2024,RCBD,2024-February-29,2024-July-30,19T-183-CL-6,plot,24_AYT_CL_SF-rep2-19T-183-CL-6_50,2,50,10,1,21.1,88,3/11/2024,5.9,2.42,39.7,2.44,15.1,16.71,6/7/2024,0,107,7,15.1,4.51,2901.087439,3,68.85,60.36,10748.66981
2024,RCBD,2024-February-29,2024-July-30,202L2096,plot,24_AYT_CL_SF-rep2-202L2096_35,2,35,7,5,8.5,93,3/11/2024,6.72,3.1,40.3,2.17,17.5,7.87,6/12/2024,70,109,7,16.4,5.69,3604.085875,3,65.95,54.63,4919.254172
2024,RCBD,2024-February-29,2024-July-30,202L2141,plot,24_AYT_CL_SF-rep2-202L2141_41,2,41,9,1,21.4,94,3/11/2024,7.04,3.37,45.4,2.09,14.9,16.35,6/13/2024,50,106,7,17.9,6.46,4018.39164,3,67.68,55.4,10541.87589
2024,RCBD,2024-February-29,2024-July-30,212L2252,plot,24_AYT_CL_SF-rep2-212L2252_36,2,36,8,5,7.6,88,3/11/2024,7.02,3.25,35.5,2.16,13.7,12.37,6/7/2024,10,109,7,17.1,3.38,2122.989359,3,69.65,62.1,8088.185015
2024,RCBD,2024-February-29,2024-July-30,212M1076,plot,24_AYT_CL_SF-rep2-212M1076_47,2,47,10,4,10.2,93,3/11/2024,5.9,2.3,40.8,2.56,18.6,15.59,6/12/2024,10,103,7,14.2,4.38,2847.331186,1,68.69,61.98,9614.818751
2024,RCBD,2024-February-29,2024-July-30,212M1144,plot,24_AYT_CL_SF-rep2-212M1144_43,2,43,9,3,20.2,92,3/11/2024,5.92,2.26,43.5,2.62,17.2,10.92,6/11/2024,40,113,7,16.9,5.12,3223.647685,1,68.49,60.61,6850.520288
2024,RCBD,2024-February-29,2024-July-30,222L1075,plot,24_AYT_CL_SF-rep2-222L1075_33,2,33,7,3,16.7,88,3/11/2024,6.66,3.01,45.1,2.21,14.8,11.27,6/7/2024,50,109,7,22.1,4.53,2673.697354,1,69.64,59.24,7275.01834
2024,RCBD,2024-February-29,2024-July-30,222L1082,plot,24_AYT_CL_SF-rep2-222L1082_32,2,32,7,2,9.8,87,3/11/2024,6.79,3.16,42.3,2.15,14.6,15.55,6/6/2024,10,105,7,15.4,4.52,2897.246083,3,68.45,59.83,10061.40998
2024,RCBD,2024-February-29,2024-July-30,222L1147,plot,24_AYT_CL_SF-rep2-222L1147_48,2,48,10,3,14.4,91,3/11/2024,6.84,3.15,46.1,2.17,14.8,13.74,6/10/2024,40,108,7,18.7,6.56,4040.833645,3,69.75,54.44,8869.45448
2024,RCBD,2024-February-29,2024-July-30,222L1161,plot,24_AYT_CL_SF-rep2-222L1161_59,2,59,12,2,15,87,3/11/2024,6.69,3.04,43.9,2.2,16.3,16.88,6/6/2024,0,99,7,14.4,4.6,2983.377314,3,68.86,60.03,10704.55165
2024,RCBD,2024-February-29,2024-July-30,222M1096,plot,24_AYT_CL_SF-rep2-222M1096_34,2,34,7,4,9.4,95,3/11/2024,5.97,2.25,40.1,2.65,15,15.35,6/14/2024,0,102,7,14.3,5.68,3688.125953,3,68.34,64.39,9885.482855
2024,RCBD,2024-February-29,2024-July-30,CL153,plot,24_AYT_CL_SF-rep2-CL153_56,2,56,12,5,11.1,90,3/11/2024,6.68,3.12,44.6,2.14,15.5,13.11,6/9/2024,20,113,7,16.3,4.63,2936.18243,3,69.33,62.07,8393.246583
2024,RCBD,2024-February-29,2024-July-30,CLHA03,plot,24_AYT_CL_SF-rep2-CLHA03_60,2,60,12,1,13.8,90,3/11/2024,6.63,2.9,45.1,2.29,14.2,14.6,6/9/2024,0,104,7,15.8,4.44,2832.511281,3,69.23,63.39,9490.972725
2024,RCBD,2024-February-29,2024-July-30,CLJ01,plot,24_AYT_CL_SF-rep2-CLJ01_54,2,54,11,4,4.9,95,3/11/2024,6.88,3.23,34.3,2.13,15.4,13.14,6/14/2024,30,102,7,14,4.19,2730.166043,3,70.88,67.26,8422.408663
2024,RCBD,2024-February-29,2024-July-30,CLL18,plot,24_AYT_CL_SF-rep2-CLL18_46,2,46,10,5,34.4,92,3/11/2024,6.69,3.19,45.8,2.1,16.3,20.65,6/11/2024,10,113,7,18.6,6.18,3811.443327,1,67.16,54.44,13095.31941
2024,RCBD,2024-February-29,2024-July-30,CLL19,plot,24_AYT_CL_SF-rep2-CLL19_38,2,38,8,3,18.1,87,3/11/2024,6.57,3.07,46.8,2.14,15.1,10.98,6/6/2024,50,99,7,16.4,5.12,3243.04388,3,67.13,55.67,7062.860233
2024,RCBD,2024-February-29,2024-July-30,CLM04,plot,24_AYT_CL_SF-rep2-CLM04_39,2,39,8,2,11.8,93,3/11/2024,5.84,2.25,39.2,2.6,19.3,18.75,6/12/2024,30,113,7,16,5.18,3296.747096,1,68.83,64.05,11464.24315
2024,RCBD,2024-February-29,2024-July-30,CLM05,plot,24_AYT_CL_SF-rep2-CLM05_49,2,49,10,2,16,93,3/11/2024,6.18,2.45,42.3,2.52,15.4,18.09,6/12/2024,0,104,7,15.3,6.61,4241.910063,1,66.46,59.54,11595.23384
2024,RCBD,2024-February-29,2024-July-30,MP6_397,plot,24_AYT_CL_SF-rep2-MP6_397_44,2,44,9,4,13.2,88,3/11/2024,6.9,3.33,44.9,2.07,11.6,13.59,6/7/2024,30,99,7,15.5,4.95,3169.118615,3,69.49,58.89,9102.114689
2024,RCBD,2024-February-29,2024-July-30,RU1902034,plot,24_AYT_CL_SF-rep2-RU1902034_57,2,57,12,4,19.8,86,3/11/2024,6.58,3.03,46.6,2.17,12.9,12.28,6/5/2024,30,97,7,16.4,5.35,3388.727492,3,66.04,55.12,8103.769945
2024,RCBD,2024-February-29,2024-July-30,RU2102217,plot,24_AYT_CL_SF-rep2-RU2102217_53,2,53,11,3,28.1,86,3/11/2024,6.9,3.17,45.6,2.18,12.6,15.72,6/5/2024,10,97,7,18.4,7.25,4482.339544,3,68.98,53.72,10409.61233
2024,RCBD,2024-February-29,2024-July-30,RU2102222,plot,24_AYT_CL_SF-rep2-RU2102222_42,2,42,9,2,13.6,90,3/11/2024,6.88,3.21,42.8,2.14,13.5,16.83,6/9/2024,10,92,7,16.7,6.03,3805.738118,3,70.14,61.23,11029.88045
2024,RCBD,2024-February-27,2024-July-22,19T-176-CONV-36,plot,24_AYT_CN_RRS-rep1-19T-176-CONV-36_7,1,7,1,7,12.4,96,3/9/2024,5.55,2.05,39.7,2.71,18.1,15.4,6/13/2024,0,109,7,16.8,5.97,3763.346823,3,69.59,58.96,9555.979388
2024,RCBD,2024-February-27,2024-July-22,19T-176-CONV-38,plot,24_AYT_CN_RRS-rep1-19T-176-CONV-38_18,1,18,3,4,11.4,97,3/9/2024,5.77,2.27,41.6,2.54,19.8,16.6,6/14/2024,0,103,7,14.6,5.74,3714.038058,3,69.96,64.64,10086.79137
2024,RCBD,2024-February-27,2024-July-22,19T-176-CONV-6,plot,24_AYT_CN_RRS-rep1-19T-176-CONV-6_25,1,25,4,4,8.1,98,3/9/2024,5.71,2.15,42.3,2.65,19.1,16.32,6/15/2024,0,104,9,13.7,4.86,3177.778713,1,70.21,65.08,10003.20704
2024,RCBD,2024-February-27,2024-July-22,19T-217-39,plot,24_AYT_CN_RRS-rep1-19T-217-39_26,1,26,4,3,25.1,94,3/9/2024,6.72,3.07,39.2,2.19,18.7,15.3,6/11/2024,0,95,7,15.9,5.36,3415.366954,5,70.96,66.89,9424.37499
2024,RCBD,2024-February-27,2024-July-22,19T-218-30,plot,24_AYT_CN_RRS-rep1-19T-218-30_21,1,21,3,7,22,98,3/9/2024,6.72,3.25,40.3,2.07,20.1,16.83,6/15/2024,0,103,7,16.6,6.32,3993.555418,3,71.48,63.8,10188.29419
2024,RCBD,2024-February-27,2024-July-22,19T-218-43,plot,24_AYT_CN_RRS-rep1-19T-218-43_4,1,4,1,4,24.3,98,3/9/2024,6.75,3.28,36.9,2.06,19.4,16.85,6/15/2024,0,97,7,18.3,5.36,3317.901072,3,70.91,63.25,10289.76671
2024,RCBD,2024-February-27,2024-July-22,19T-238-13,plot,24_AYT_CN_RRS-rep1-19T-238-13_5,1,5,1,5,35.2,98,3/9/2024,6.49,2.92,44.2,2.22,19.1,16.01,6/15/2024,0,98,7,18.3,5.74,3553.125402,3,71.76,65.24,9813.195143
2024,RCBD,2024-February-27,2024-July-22,19T-238-62,plot,24_AYT_CN_RRS-rep1-19T-238-62_24,1,24,4,5,34.2,98,3/9/2024,6.58,3.16,45.1,2.08,19.8,17.2,6/15/2024,0,100,7,17.4,5.4,3379.483993,3,70.3,63.01,10451.37419
2024,RCBD,2024-February-27,2024-July-22,201L1251,plot,24_AYT_CN_RRS-rep1-201L1251_22,1,22,4,7,24.6,99,3/9/2024,6.84,3.34,43.5,2.05,20.4,13.95,6/16/2024,0,92,7,19.6,5.78,3520.954993,3,69.54,60.49,8413.134985
2024,RCBD,2024-February-27,2024-July-22,211L1008,plot,24_AYT_CN_RRS-rep1-211L1008_28,1,28,4,1,22,96,3/9/2024,6.79,3.14,38.4,2.16,21.6,13.59,6/13/2024,0,101,5,17.6,5.7,3558.595735,5,70.72,65.94,8072.463706
2024,RCBD,2024-February-27,2024-July-22,211L1032,plot,24_AYT_CN_RRS-rep1-211L1032_10,1,10,2,5,16.3,98,3/9/2024,6.72,3.1,42.1,2.17,19.6,14.32,6/15/2024,0,92,7,19.1,5.6,3432.520465,3,70.69,66.14,8723.075842
2024,RCBD,2024-February-27,2024-July-22,211L1056,plot,24_AYT_CN_RRS-rep1-211L1056_23,1,23,4,6,15.9,99,3/9/2024,6.82,2.99,44.2,2.28,19.3,15.53,6/16/2024,0,97,7,17.7,5.44,3392.152133,3,70.77,65.37,9495.450457
2024,RCBD,2024-February-27,2024-July-22,211L1124,plot,24_AYT_CN_RRS-rep1-211L1124_1,1,1,1,1,19.9,99,3/9/2024,6.73,3.07,39.2,2.19,20.5,15.74,6/16/2024,0,113,5,16.4,5.8,3673.760646,3,70.87,66.74,9480.744404
2024,RCBD,2024-February-27,2024-July-22,211L1331,plot,24_AYT_CN_RRS-rep1-211L1331_14,1,14,2,1,11.9,102,3/9/2024,6.8,3.13,38.8,2.17,20.9,14.09,6/19/2024,0,99,5,17.9,5.71,3551.860103,3,70,66.03,8444.191198
2024,RCBD,2024-February-27,2024-July-22,221L1002,plot,24_AYT_CN_RRS-rep1-221L1002_15,1,15,3,1,25.4,97,3/9/2024,6.86,3.28,39.4,2.09,20.2,15.75,6/14/2024,0,95,5,15.9,4.72,3007.561945,3,71.64,65.03,9522.566872
2024,RCBD,2024-February-27,2024-July-22,221L1013,plot,24_AYT_CN_RRS-rep1-221L1013_3,1,3,1,3,19.6,95,3/9/2024,6.87,3.07,37.3,2.24,18.9,15.16,6/12/2024,0,90,7,18.3,5.79,3584.075971,3,70.55,63.88,9315.166828
2024,RCBD,2024-February-27,2024-July-22,221L1087,plot,24_AYT_CN_RRS-rep1-221L1087_20,1,20,3,6,23.8,96,3/9/2024,6.76,3.16,42.3,2.14,19.3,15.32,6/13/2024,0,98,7,15.7,5.54,3538.457029,3,70.75,65.43,9367.050933
2024,RCBD,2024-February-27,2024-July-22,221L1099,plot,24_AYT_CN_RRS-rep1-221L1099_12,1,12,2,3,21.1,96,3/9/2024,6.93,3.22,41,2.15,20.1,15.56,6/13/2024,0,103,7,18.4,5.56,3437.49074,,70.02,64.55,9419.480549
2024,RCBD,2024-February-27,2024-July-22,Avant,plot,24_AYT_CN_RRS-rep1-Avant_16,1,16,3,2,22.2,92,3/9/2024,6.85,3.09,38.2,2.22,19.9,15.32,6/9/2024,0,90,7,17.7,6.02,3753.815412,1,71.37,66.4,9297.407432
2024,RCBD,2024-February-27,2024-July-22,Cheniere,plot,24_AYT_CN_RRS-rep1-Cheniere_17,1,17,3,3,12.9,98,3/9/2024,6.8,3.13,41.9,2.17,19.8,13.9,6/15/2024,0,95,9,16.2,5.26,3339.691485,3,72.26,67.22,8446.168674
2024,RCBD,2024-February-27,2024-July-22,Della2,plot,24_AYT_CN_RRS-rep1-Della2_27,1,27,4,2,11.8,100,3/9/2024,6.85,3.17,41,2.16,20.9,14.28,6/17/2024,0,100,7,16.9,5.45,3431.421852,3,69.06,64.26,8558.058929
2024,RCBD,2024-February-27,2024-July-22,DG263L,plot,24_AYT_CN_RRS-rep1-DG263L_13,1,13,2,2,25.2,99,3/9/2024,6.27,2.79,47.6,2.25,21.5,15.24,6/16/2024,0,104,7,24.6,5.37,3067.765917,5,66.73,57.5,9064.110794
2024,RCBD,2024-February-27,2024-July-22,Fitzgerald,plot,24_AYT_CN_RRS-rep1-Fitzgerald_19,1,19,3,5,10.1,96,3/9/2024,6.85,3.34,31.3,2.05,18.6,15.42,6/13/2024,0,97,7,17.1,5.04,3165.640938,3,71.36,66.03,9509.974673
2024,RCBD,2024-February-27,2024-July-22,Jupiter,plot,24_AYT_CN_RRS-rep1-Jupiter_8,1,8,2,7,31.1,99,3/9/2024,5.66,2.25,42.1,2.52,22.8,14.24,6/16/2024,0,98,7,20,4.97,3012.471607,3,66.74,59.66,8329.096069
2024,RCBD,2024-February-27,2024-July-22,MP6_295,plot,24_AYT_CN_RRS-rep1-MP6_295_6,1,6,1,6,35,97,3/9/2024,6.75,3.2,42.8,2.11,19.9,16.17,6/14/2024,0,93,9,21.1,6.45,3855.789394,3,68.31,57.34,9813.255756
2024,RCBD,2024-February-27,2024-July-22,RU2102066,plot,24_AYT_CN_RRS-rep1-RU2102066_2,1,2,1,2,28.5,95,3/9/2024,5.63,2.17,41.4,2.59,21.6,16.13,6/12/2024,0,93,7,20.8,4.83,2898.337119,3,68.56,60.63,9581.224399
2024,RCBD,2024-February-27,2024-July-22,RU2102070,plot,24_AYT_CN_RRS-rep1-RU2102070_9,1,9,2,6,19.6,95,3/9/2024,5.97,2.3,43.5,2.6,19.6,17.16,6/12/2024,0,97,5,18.8,5.99,3685.186217,3,68.71,64.66,10453.07133
2024,RCBD,2024-February-27,2024-July-22,Taurus,plot,24_AYT_CN_RRS-rep1-Taurus_11,1,11,2,4,8.3,95,3/9/2024,5.72,2.29,40.8,2.5,19.8,16.03,6/12/2024,0,88,7,19.5,5.5,3354.556851,3,70.6,63.55,9740.437686
2024,RCBD,2024-February-27,2024-July-22,19T-176-CONV-36,plot,24_AYT_CN_RRS-rep2-19T-176-CONV-36_45,2,45,7,3,11.6,96,3/9/2024,5.55,2.03,39,2.73,19.1,16.46,6/13/2024,0,110,9,15.5,5.38,3444.415788,1,69.33,59.13,10089.01887
2024,RCBD,2024-February-27,2024-July-22,19T-176-CONV-38,plot,24_AYT_CN_RRS-rep2-19T-176-CONV-38_37,2,37,6,6,14.6,98,3/9/2024,5.85,2.29,39.7,2.56,20.4,16.83,6/15/2024,0,101,7,17.5,5.66,3537.911511,3,71.19,66.22,10150.04027
2024,RCBD,2024-February-27,2024-July-22,19T-176-CONV-6,plot,24_AYT_CN_RRS-rep2-19T-176-CONV-6_44,2,44,7,2,10,98,3/9/2024,5.72,2.2,40.8,2.6,20.3,15.61,6/15/2024,0,104,7,12.2,4.91,3266.273855,1,70.53,65.77,9426.094864
2024,RCBD,2024-February-27,2024-July-22,19T-217-39,plot,24_AYT_CN_RRS-rep2-19T-217-39_49,2,49,7,7,23.2,96,3/9/2024,6.78,3.07,37.1,2.21,18.2,15.03,6/13/2024,0,106,5,15.9,5.76,3670.245085,3,72.28,67.68,9315.000144
2024,RCBD,2024-February-27,2024-July-22,19T-218-30,plot,24_AYT_CN_RRS-rep2-19T-218-30_53,2,53,8,4,19.6,99,3/9/2024,6.79,3.41,39.9,1.99,20.6,15.19,6/16/2024,0,100,7,17.4,5.41,3385.742296,3,70.83,64.03,9137.951696
2024,RCBD,2024-February-27,2024-July-22,19T-218-43,plot,24_AYT_CN_RRS-rep2-19T-218-43_36,2,36,6,7,25.3,99,3/9/2024,6.88,3.41,37.8,2.02,19.7,16.75,6/16/2024,0,101,7,18.3,5.76,3565.50563,1,71.08,64.45,10190.62777
2024,RCBD,2024-February-27,2024-July-22,19T-238-13,plot,24_AYT_CN_RRS-rep2-19T-238-13_33,2,33,5,5,32.8,99,3/9/2024,6.47,2.91,44.9,2.22,19.6,16.12,6/16/2024,0,103,5,17.4,4.87,3047.793897,5,71.24,66.64,9819.551855
2024,RCBD,2024-February-27,2024-July-22,19T-238-62,plot,24_AYT_CN_RRS-rep2-19T-238-62_30,2,30,5,2,35.3,98,3/9/2024,6.58,3.15,45.6,2.09,20,16.75,6/15/2024,0,111,7,18.7,5.23,3221.579262,3,70.5,63.3,10152.55568
2024,RCBD,2024-February-27,2024-July-22,201L1251,plot,24_AYT_CN_RRS-rep2-201L1251_51,2,51,8,6,20.5,100,3/9/2024,6.83,3.32,43.7,2.06,20.2,16.03,6/17/2024,0,97,5,19.6,5.93,3612.329258,3,69.96,60.98,9691.85695
2024,RCBD,2024-February-27,2024-July-22,211L1008,plot,24_AYT_CN_RRS-rep2-211L1008_35,2,35,5,7,21.1,95,3/9/2024,6.81,3.1,39,2.2,21.7,16.78,6/12/2024,0,95,7,18.7,6.04,3720.523661,3,70.78,65.12,9954.611152
2024,RCBD,2024-February-27,2024-July-22,211L1032,plot,24_AYT_CN_RRS-rep2-211L1032_54,2,54,8,3,15.1,95,3/9/2024,6.74,3.05,40.1,2.21,19.8,14.34,6/12/2024,0,99,7,18.1,5.47,3394.281168,3,70.7,61.53,8713.529409
2024,RCBD,2024-February-27,2024-July-22,211L1056,plot,24_AYT_CN_RRS-rep2-211L1056_41,2,41,6,2,14.3,99,3/9/2024,6.76,2.95,42.8,2.29,21.5,14.86,6/16/2024,0,97,7,17.7,5.04,3142.729182,3,70.75,64.49,8838.102782
2024,RCBD,2024-February-27,2024-July-22,211L1124,plot,24_AYT_CN_RRS-rep2-211L1124_48,2,48,7,6,22.1,99,3/9/2024,6.66,3.07,41.4,2.17,20.1,15.28,6/16/2024,0,106,5,17.4,6.54,4092.930613,3,71.4,66.85,9249.978329
2024,RCBD,2024-February-27,2024-July-22,211L1331,plot,24_AYT_CN_RRS-rep2-211L1331_43,2,43,7,1,9.4,104,3/9/2024,6.8,3.12,37.3,2.18,21.2,15.21,6/21/2024,0,104,7,18.7,6.46,3979.235571,3,69.61,65.29,9080.839782
2024,RCBD,2024-February-27,2024-July-22,221L1002,plot,24_AYT_CN_RRS-rep2-221L1002_42,2,42,6,1,27.6,98,3/9/2024,6.86,3.38,40.1,2.03,21.7,15.02,6/15/2024,0,104,7,16.3,5.08,3221.556532,3,70.74,63.48,8910.504142
2024,RCBD,2024-February-27,2024-July-22,221L1013,plot,24_AYT_CN_RRS-rep2-221L1013_55,2,55,8,2,17.7,95,3/9/2024,6.88,3.07,37.5,2.24,19.2,16.29,6/12/2024,0,94,7,16.1,5.67,3604.305597,3,71.12,65.71,9972.47662
2024,RCBD,2024-February-27,2024-July-22,221L1087,plot,24_AYT_CN_RRS-rep2-221L1087_29,2,29,5,1,22,96,3/9/2024,6.81,3.21,39.9,2.12,19.4,15.26,6/13/2024,0,100,5,16,5.73,3646.787811,3,70.64,65.35,9318.803564
2024,RCBD,2024-February-27,2024-July-22,221L1099,plot,24_AYT_CN_RRS-rep2-221L1099_40,2,40,6,3,22.4,97,3/9/2024,6.84,3.18,41,2.15,21.5,14.28,6/14/2024,0,97,5,17.6,4.57,2853.119738,5,69.9,61.72,8493.143185
2024,RCBD,2024-February-27,2024-July-22,Avant,plot,24_AYT_CN_RRS-rep2-Avant_47,2,47,7,5,21.3,92,3/9/2024,6.88,3.02,38.2,2.28,19.8,13.64,6/9/2024,0,92,7,17.1,6.21,3900.52187,1,71.26,64.83,8288.182785
2024,RCBD,2024-February-27,2024-July-22,Cheniere,plot,24_AYT_CN_RRS-rep2-Cheniere_46,2,46,7,4,16.5,98,3/9/2024,6.79,3.14,41.2,2.16,21.5,15.12,6/15/2024,0,100,9,18.1,6.08,3772.802469,3,71.99,65.77,8992.739843
2024,RCBD,2024-February-27,2024-July-22,Della2,plot,24_AYT_CN_RRS-rep2-Della2_34,2,34,5,6,12.6,100,3/9/2024,6.77,3.16,41.9,2.14,20.1,13.8,6/17/2024,0,107,7,17.3,5.53,3465.031822,3,68.67,63.03,8354.038019
2024,RCBD,2024-February-27,2024-July-22,DG263L,plot,24_AYT_CN_RRS-rep2-DG263L_39,2,39,6,4,19.4,100,3/9/2024,6.22,2.78,48.3,2.24,21.8,15.86,6/17/2024,0,104,7,24.4,4.11,2354.182917,5,65.97,56.32,9396.811559
2024,RCBD,2024-February-27,2024-July-22,Fitzgerald,plot,24_AYT_CN_RRS-rep2-Fitzgerald_50,2,50,8,7,10.1,97,3/9/2024,6.86,3.4,30.3,2.02,17.8,14.19,6/14/2024,0,89,7,16.7,5.51,3477.548429,3,71.77,67.33,8837.405741
2024,RCBD,2024-February-27,2024-July-22,Jupiter,plot,24_AYT_CN_RRS-rep2-Jupiter_31,2,31,5,3,24.9,99,3/9/2024,5.82,2.33,41.9,2.5,21.6,15.46,6/16/2024,0,97,7,17.6,4.06,2534.719067,3,66.94,59.69,9183.244216
2024,RCBD,2024-February-27,2024-July-22,MP6_295,plot,24_AYT_CN_RRS-rep2-MP6_295_52,2,52,8,5,32.5,98,3/9/2024,6.75,3.26,41.4,2.07,18.9,16.5,6/15/2024,0,97,7,17.8,6.36,3961.006178,3,69.16,60.17,10138.53909
2024,RCBD,2024-February-27,2024-July-22,RU2102066,plot,24_AYT_CN_RRS-rep2-RU2102066_38,2,38,6,5,29.8,97,3/9/2024,5.69,2.21,41,2.58,21.7,16.9,6/14/2024,0,90,7,19.7,4.14,2518.792973,5,68.09,59.08,10025.80027
2024,RCBD,2024-February-27,2024-July-22,RU2102070,plot,24_AYT_CN_RRS-rep2-RU2102070_56,2,56,8,1,15.8,95,3/9/2024,5.98,2.31,41,2.59,21.2,16.36,6/12/2024,0,97,7,19,5.09,3123.772431,3,68.95,58.56,9767.425301
2024,RCBD,2024-February-27,2024-July-22,Taurus,plot,24_AYT_CN_RRS-rep2-Taurus_32,2,32,5,4,10.8,95,3/9/2024,5.72,2.32,41,2.47,19.6,16.1,6/12/2024,0,85,7,20.7,4.64,2787.839418,3,69.99,62.69,9807.368789
2024,RCBD,2024-February-29,2024-July-30,19T-176-CONV-36,plot,24_AYT_CN_SF-rep1-19T-176-CONV-36_9,1,9,2,4,8.7,92,3/11/2024,5.55,2.06,39.9,2.7,15.8,15.77,6/11/2024,0,114,7,15.4,4.56,2922.885429,1,68.43,63.42,10060.37957
2024,RCBD,2024-February-29,2024-July-30,19T-176-CONV-38,plot,24_AYT_CN_SF-rep1-19T-176-CONV-38_16,1,16,3,4,19.2,92,3/11/2024,6.14,2.6,43,2.36,15.7,17.16,6/11/2024,0,107,7,12.3,4.4,2923.673399,3,68.77,63,10960.1233
2024,RCBD,2024-February-29,2024-July-30,19T-176-CONV-6,plot,24_AYT_CN_SF-rep1-19T-176-CONV-6_13,1,13,3,1,8.1,93,3/11/2024,5.84,2.21,41.4,2.64,15.4,15.2,6/12/2024,0,117,7,11.7,3.35,2241.207655,3,69.69,65.02,9742.816718
2024,RCBD,2024-February-29,2024-July-30,19T-217-39,plot,24_AYT_CN_SF-rep1-19T-217-39_23,1,23,4,2,17,84,3/11/2024,6.72,3.1,41,2.17,14.8,15.01,6/3/2024,0,101,7,13.5,4.13,2706.716346,3,68.69,60.49,9689.265775
2024,RCBD,2024-February-29,2024-July-30,19T-218-30,plot,24_AYT_CN_SF-rep1-19T-218-30_22,1,22,4,3,22.1,88,3/11/2024,6.73,3.27,41,2.06,15.7,17.95,6/7/2024,0,103,7,13.7,4.31,2818.15355,3,68.73,61.74,11464.69774
2024,RCBD,2024-February-29,2024-July-30,19T-218-43,plot,24_AYT_CN_SF-rep1-19T-218-43_20,1,20,4,5,22.1,90,3/11/2024,6.78,3.32,39.9,2.04,14.9,16.6,6/9/2024,0,107,7,13.7,3.78,2471.605666,3,69.57,61.49,10703.06665
2024,RCBD,2024-February-29,2024-July-30,19T-238-13,plot,24_AYT_CN_SF-rep1-19T-238-13_27,1,27,5,3,23.9,89,3/11/2024,6.64,3.06,42.3,2.17,14.8,16.22,6/8/2024,0,99,7,14.9,5.76,3713.886525,3,69.72,61.71,10470.34583
2024,RCBD,2024-February-29,2024-July-30,19T-238-62,plot,24_AYT_CN_SF-rep1-19T-238-62_21,1,21,4,4,24.7,91,3/11/2024,6.73,3.14,45.6,2.14,14.3,16.96,6/10/2024,0,116,7,13.3,5.5,3612.920236,3,69.14,61.24,11012.28016
2024,RCBD,2024-February-29,2024-July-30,201L1251,plot,24_AYT_CN_SF-rep1-201L1251_4,1,4,1,4,23,93,3/11/2024,6.7,3.18,43.9,2.11,13.8,14.49,6/12/2024,10,97,7,18.5,4.17,2574.958596,3,68.45,56.74,9463.378988
2024,RCBD,2024-February-29,2024-July-30,211L1008,plot,24_AYT_CN_SF-rep1-211L1008_15,1,15,3,3,16.9,85,3/11/2024,6.77,3.12,41,2.17,15.2,15.42,6/4/2024,0,98,7,13.9,5.06,3300.883941,3,68.21,60.98,9907.197202
2024,RCBD,2024-February-29,2024-July-30,211L1032,plot,24_AYT_CN_SF-rep1-211L1032_10,1,10,2,3,17.5,88,3/11/2024,6.67,3.03,43.2,2.2,14.4,14.53,6/7/2024,0,101,7,15,5.1,3284.472941,3,67.18,59.78,9423.450653
2024,RCBD,2024-February-29,2024-July-30,211L1056,plot,24_AYT_CN_SF-rep1-211L1056_7,1,7,2,6,14.3,86,3/11/2024,6.81,3.04,45.1,2.24,14,14.75,6/5/2024,40,98,7,14.9,5.65,3642.961609,3,68.5,56.78,9610.833494
2024,RCBD,2024-February-29,2024-July-30,211L1124,plot,24_AYT_CN_SF-rep1-211L1124_24,1,24,4,1,15.2,88,3/11/2024,6.48,2.92,43,2.22,16.6,15.12,6/7/2024,0,117,7,14.5,4.53,2934.545876,3,68.22,61.48,9554.070101
2024,RCBD,2024-February-29,2024-July-30,211L1331,plot,24_AYT_CN_SF-rep1-211L1331_26,1,26,5,2,18.5,94,3/11/2024,6.79,3.13,42.3,2.17,14.4,12.82,6/13/2024,20,104,7,15.5,6.8,4353.536683,3,67.39,59.52,8314.427899
2024,RCBD,2024-February-29,2024-July-30,221L1002,plot,24_AYT_CN_SF-rep1-221L1002_19,1,19,4,6,15.8,88,3/11/2024,6.41,2.68,40.8,2.39,16.5,16.68,6/7/2024,0,111,7,14,3.95,2573.784217,3,68.23,59.75,10552.44515
2024,RCBD,2024-February-29,2024-July-30,221L1013,plot,24_AYT_CN_SF-rep1-221L1013_14,1,14,3,2,17.5,86,3/11/2024,6.84,3.17,38.6,2.16,16,14.88,6/5/2024,0,101,7,13.5,4.62,3027.852184,3,69.54,63.6,9470.061491
2024,RCBD,2024-February-29,2024-July-30,221L1087,plot,24_AYT_CN_SF-rep1-221L1087_25,1,25,5,1,17.2,88,3/11/2024,6.76,3.19,41.2,2.12,14.9,14.89,6/7/2024,0,102,7,13.7,4.83,3158.162795,3,68.96,60.81,9600.521831
2024,RCBD,2024-February-29,2024-July-30,221L1099,plot,24_AYT_CN_SF-rep1-221L1099_5,1,5,1,5,20.5,87,3/11/2024,6.85,3.17,42.5,2.16,15.1,14.12,6/6/2024,0,99,7,15.1,3.66,2354.319296,3,68.4,60.58,9082.65815
2024,RCBD,2024-February-29,2024-July-30,Avant,plot,24_AYT_CN_SF-rep1-Avant_6,1,6,1,6,20.9,85,3/11/2024,6.8,3.11,41,2.19,15,13.96,6/4/2024,0,95,7,13.5,4.04,2647.732213,3,68.81,61.59,8990.315352
2024,RCBD,2024-February-29,2024-July-30,Cheniere,plot,24_AYT_CN_SF-rep1-Cheniere_12,1,12,2,1,15.9,90,3/11/2024,6.36,2.77,43.7,2.3,13.9,14.42,6/9/2024,0,100,7,13.6,4.73,3096.360152,3,68.81,58.35,9406.736819
2024,RCBD,2024-February-29,2024-July-30,Della2,plot,24_AYT_CN_SF-rep1-Della2_28,1,28,5,4,12.4,94,3/11/2024,6.66,3.1,43.9,2.15,15.7,13.86,6/13/2024,0,98,7,13.7,4.32,2824.692189,3,67.67,61.19,8852.407279
2024,RCBD,2024-February-29,2024-July-30,DG263L,plot,24_AYT_CN_SF-rep1-DG263L_3,1,3,1,3,20.7,90,3/11/2024,6.29,2.83,46.6,2.22,15.6,12.94,6/9/2024,50,98,7,21.5,4.76,2831.086873,3,66.25,58.15,8274.605636
2024,RCBD,2024-February-29,2024-July-30,Fitzgerald,plot,24_AYT_CN_SF-rep1-Fitzgerald_11,1,11,2,2,11.8,86,3/11/2024,6.82,3.31,35.5,2.06,14.2,14.17,6/5/2024,0,94,7,13.5,3.47,2274.166034,3,69.36,63.03,9211.444076
2024,RCBD,2024-February-29,2024-July-30,Jupiter,plot,24_AYT_CN_SF-rep1-Jupiter_2,1,2,1,2,24.1,93,3/11/2024,6.03,2.53,38.8,2.38,20.2,17.88,6/12/2024,0,83,7,14.9,4.67,3011.085082,3,67.46,63.12,10810.38068
2024,RCBD,2024-February-29,2024-July-30,MP6_295,plot,24_AYT_CN_SF-rep1-MP6_295_18,1,18,3,6,24.6,89,3/11/2024,6.71,3.18,41.9,2.11,15,15.78,6/8/2024,0,101,7,17.1,5.55,3485.973652,3,66.58,55.05,10162.40518
2024,RCBD,2024-February-29,2024-July-30,RU2102066,plot,24_AYT_CN_SF-rep1-RU2102066_1,1,1,1,1,23.5,89,3/11/2024,5.68,2.18,39.2,2.61,18.2,18.22,6/8/2024,0,93,7,14.6,4.29,2775.822869,3,68.95,65.13,11292.0361
2024,RCBD,2024-February-29,2024-July-30,RU2102070,plot,24_AYT_CN_SF-rep1-RU2102070_8,1,8,2,5,15.1,88,3/11/2024,5.98,2.34,41.4,2.56,15.7,17.46,6/7/2024,0,103,7,13.7,5.56,3635.483466,3,67.86,63.5,11151.73384
2024,RCBD,2024-February-29,2024-July-30,Taurus,plot,24_AYT_CN_SF-rep1-Taurus_17,1,17,3,5,8.8,90,3/11/2024,5.74,2.33,39.4,2.46,15.3,17.27,6/9/2024,0,90,7,12.9,4.67,3081.850889,3,69.33,64.69,11082.7192
2024,RCBD,2024-February-29,2024-July-30,19T-176-CONV-36,plot,24_AYT_CN_SF-rep2-19T-176-CONV-36_37,2,37,7,1,10.9,93,3/11/2024,5.68,2.13,39.4,2.67,15.6,16.05,6/12/2024,0,118,7,14.3,4.32,2805.053542,3,68.24,62.22,10263.32461
2024,RCBD,2024-February-29,2024-July-30,19T-176-CONV-38,plot,24_AYT_CN_SF-rep2-19T-176-CONV-38_46,2,46,8,3,12.9,93,3/11/2024,6.29,2.65,40.1,2.37,15.3,16.67,6/12/2024,0,106,7,12.8,3.58,2365.24481,1,68.78,63.44,10697.67973
2024,RCBD,2024-February-29,2024-July-30,19T-176-CONV-6,plot,24_AYT_CN_SF-rep2-19T-176-CONV-6_55,2,55,10,6,5.7,93,3/11/2024,5.71,2.18,43.9,2.62,15.8,15.56,6/12/2024,0,106,7,12.4,2.87,1904.857927,1,67.99,63.31,9926.411292
2024,RCBD,2024-February-29,2024-July-30,19T-217-39,plot,24_AYT_CN_SF-rep2-19T-217-39_44,2,44,8,5,16.6,85,3/11/2024,6.78,3.1,40.1,2.19,14.8,14.09,6/4/2024,10,106,7,13.7,3.59,2347.371519,3,69.65,63.62,9095.386727
2024,RCBD,2024-February-29,2024-July-30,19T-218-30,plot,24_AYT_CN_SF-rep2-19T-218-30_49,2,49,9,1,24.6,90,3/11/2024,6.72,3.22,41,2.09,14.9,16.7,6/9/2024,0,111,7,14.8,4.22,2724.135039,3,68.22,56.77,10767.54295
2024,RCBD,2024-February-29,2024-July-30,19T-218-43,plot,24_AYT_CN_SF-rep2-19T-218-43_52,2,52,9,4,17.7,90,3/11/2024,6.79,3.17,40.5,2.14,15.4,16,6/9/2024,0,106,7,13.6,4.33,2834.511513,3,68.38,60.84,10255.59655
2024,RCBD,2024-February-29,2024-July-30,19T-238-13,plot,24_AYT_CN_SF-rep2-19T-238-13_29,2,29,5,5,33.6,88,3/11/2024,6.52,3.02,41.4,2.16,14.4,15.05,6/7/2024,10,101,7,15.8,4.44,2832.511281,3,69.85,62.7,9760.697339
2024,RCBD,2024-February-29,2024-July-30,19T-238-62,plot,24_AYT_CN_SF-rep2-19T-238-62_32,2,32,6,5,31,90,3/11/2024,6.65,3.11,44.6,2.14,13.8,16.52,6/9/2024,0,108,7,12.6,5.37,3556.004525,3,70.22,61.58,10789.16638
2024,RCBD,2024-February-29,2024-July-30,201L1251,plot,24_AYT_CN_SF-rep2-201L1251_42,2,42,7,6,19.4,90,3/11/2024,6.81,3.26,43.7,2.09,13.5,16,6/9/2024,20,102,7,16.1,6.09,3871.291197,3,68.92,58,10485.92318
2024,RCBD,2024-February-29,2024-July-30,211L1008,plot,24_AYT_CN_SF-rep2-211L1008_43,2,43,8,6,18.5,86,3/11/2024,6.73,3.1,39.4,2.17,16.3,14.81,6/5/2024,20,108,7,14.7,5.26,3399.471166,3,69.39,63.04,9391.848929
2024,RCBD,2024-February-29,2024-July-30,211L1032,plot,24_AYT_CN_SF-rep2-211L1032_47,2,47,8,2,13.5,87,3/11/2024,6.78,3.1,41.9,2.19,16.4,15.77,6/6/2024,0,108,7,14.5,5.5,3562.914419,3,68.13,62.56,9988.690403
2024,RCBD,2024-February-29,2024-July-30,211L1056,plot,24_AYT_CN_SF-rep2-211L1056_51,2,51,9,3,14.9,87,3/11/2024,6.38,2.7,42.5,2.36,14.2,14.88,6/6/2024,0,104,7,14.2,5.28,3432.399238,3,68.54,59.59,9672.99138
2024,RCBD,2024-February-29,2024-July-30,211L1124,plot,24_AYT_CN_SF-rep2-211L1124_45,2,45,8,4,20.3,88,3/11/2024,6.82,3.23,39.9,2.11,16.7,15.7,6/7/2024,0,113,7,16.3,5.31,3367.414407,3,68.99,62.22,9908.667049
2024,RCBD,2024-February-29,2024-July-30,211L1331,plot,24_AYT_CN_SF-rep2-211L1331_50,2,50,9,2,16.1,95,3/11/2024,6.66,3.03,40.8,2.2,14.6,15.28,6/14/2024,0,110,7,14.8,6.43,4150.755521,3,68.34,61.5,9886.710254
2024,RCBD,2024-February-29,2024-July-30,221L1002,plot,24_AYT_CN_SF-rep2-221L1002_38,2,38,7,2,26.3,89,3/11/2024,6.77,3.27,42.1,2.07,15.4,16.81,6/8/2024,0,116,7,14.2,4.86,3159.367481,3,68.21,58.71,10774.78612
2024,RCBD,2024-February-29,2024-July-30,221L1013,plot,24_AYT_CN_SF-rep2-221L1013_39,2,39,7,3,17.4,85,3/11/2024,6.23,2.72,41.9,2.29,15.4,14.46,6/4/2024,0,103,7,14,4.96,3231.891068,3,68.54,56.78,9268.495378
2024,RCBD,2024-February-29,2024-July-30,221L1087,plot,24_AYT_CN_SF-rep2-221L1087_53,2,53,9,5,22.7,88,3/11/2024,6.73,3.22,42.3,2.09,15,15.33,6/7/2024,0,105,7,14.9,4.02,2591.983304,3,68.18,60.89,9872.602747
2024,RCBD,2024-February-29,2024-July-30,221L1099,plot,24_AYT_CN_SF-rep2-221L1099_35,2,35,6,2,21,87,3/11/2024,6.85,3.22,41.2,2.13,16.4,15.75,6/6/2024,0,106,7,14.7,5.84,3774.317796,3,68.47,61.86,9976.022438
2024,RCBD,2024-February-29,2024-July-30,Avant,plot,24_AYT_CN_SF-rep2-Avant_36,2,36,6,1,19.2,84,3/11/2024,6.8,3.15,38.6,2.16,15.8,14.86,6/3/2024,0,97,7,12.8,4.67,3085.389179,3,69.78,63.17,9479.850373
2024,RCBD,2024-February-29,2024-July-30,Cheniere,plot,24_AYT_CN_SF-rep2-Cheniere_33,2,33,6,4,13.9,92,3/11/2024,6.62,3.02,42.8,2.19,14.5,14.8,6/11/2024,0,103,7,15,4.96,3194.310939,3,68.12,60.91,9587.346239
2024,RCBD,2024-February-29,2024-July-30,Della2,plot,24_AYT_CN_SF-rep2-Della2_41,2,41,7,5,19.1,94,3/11/2024,6.71,3.15,44.4,2.13,14.9,13.49,6/13/2024,0,109,7,13.9,4.26,2779.005057,3,68.17,62.05,8697.85356
2024,RCBD,2024-February-29,2024-July-30,DG263L,plot,24_AYT_CN_SF-rep2-DG263L_40,2,40,7,4,20.3,90,3/11/2024,6.61,3.03,42.1,2.18,16.2,15.39,6/9/2024,0,111,7,19.4,7.74,4726.640687,3,68.57,59.87,9771.319639
2024,RCBD,2024-February-29,2024-July-30,Fitzgerald,plot,24_AYT_CN_SF-rep2-Fitzgerald_56,2,56,10,5,10.5,88,3/11/2024,6.86,3.36,33.8,2.04,13.9,14.06,6/7/2024,0,98,7,12.2,2.76,1836.031739,3,69.49,63.1,9171.894568
2024,RCBD,2024-February-29,2024-July-30,Jupiter,plot,24_AYT_CN_SF-rep2-Jupiter_31,2,31,6,6,24,94,3/11/2024,6,2.45,41.9,2.45,19.5,18.14,6/13/2024,0,101,7,16.5,6.63,4194.465151,3,68.14,61.83,11063.78544
2024,RCBD,2024-February-29,2024-July-30,MP6_295,plot,24_AYT_CN_SF-rep2-MP6_295_48,2,48,8,1,16.9,89,3/11/2024,6.35,2.63,40.5,2.41,14.8,14.58,6/8/2024,0,100,7,15.4,5.97,3826.672371,3,67.46,50.16,9411.691872
2024,RCBD,2024-February-29,2024-July-30,RU2102066,plot,24_AYT_CN_SF-rep2-RU2102066_54,2,54,9,6,15.7,90,3/11/2024,5.66,2.16,40.1,2.62,19,16.53,6/9/2024,0,91,7,13.7,5.51,3602.790269,3,68.24,65.2,10144.44879
2024,RCBD,2024-February-29,2024-July-30,RU2102070,plot,24_AYT_CN_SF-rep2-RU2102070_30,2,30,5,6,20.9,88,3/11/2024,5.8,2.25,39,2.58,17.8,17.2,6/7/2024,0,97,7,14.6,6.68,4322.260318,3,68.65,64.9,10712.00696
2024,RCBD,2024-February-29,2024-July-30,Taurus,plot,24_AYT_CN_SF-rep2-Taurus_34,2,34,6,3,21.1,90,3/11/2024,6.05,2.62,41.6,2.31,15.4,18.44,6/9/2024,0,101,7,13.7,5.76,3766.256253,1,69.55,63.81,11819.57502
2024,RCBD,2024-February-27,2024-July-22,19T-262-128,plot,24_AYT_PV_RRS-rep1-19T-262-128_19,1,19,4,2,24.5,98,3/9/2024,7.15,3.37,41,2.12,18,14.5,6/15/2024,0,87,5,12.6,4.93,3264.637301,5,70.81,63.66,9008.499034
2024,RCBD,2024-February-27,2024-July-22,19T-262-244,plot,24_AYT_PV_RRS-rep1-19T-262-244_16,1,16,4,5,22.4,96,3/9/2024,7.04,3.21,40.3,2.19,17.6,13.94,6/13/2024,0,97,5,13.4,4.96,3254.439145,3,71.81,65.61,8702.831343
2024,RCBD,2024-February-27,2024-July-22,19T-262-62,plot,24_AYT_PV_RRS-rep1-19T-262-62_5,1,5,1,5,22.6,96,3/9/2024,6.84,3.21,42.5,2.13,15.9,14.9,6/13/2024,0,97,7,11.4,3.83,2571.041474,3,68.24,59.77,9494.079104
2024,RCBD,2024-February-27,2024-July-22,203L1104,plot,24_AYT_PV_RRS-rep1-203L1104_22,1,22,5,2,18.6,106,3/9/2024,6.99,3.27,37.5,2.14,22.9,13.97,6/23/2024,0,91,7,13.2,4.67,3071.236018,3,69.87,64.86,8160.586374
2024,RCBD,2024-February-27,2024-July-22,213L1041,plot,24_AYT_PV_RRS-rep1-213L1041_20,1,20,4,1,25.2,97,3/9/2024,6.99,3.25,39.2,2.15,19.2,14.34,6/14/2024,0,105,7,14.3,4.68,3038.808003,5,71.36,64.88,8778.717908
2024,RCBD,2024-February-27,2024-July-22,213L1130,plot,24_AYT_PV_RRS-rep1-213L1130_18,1,18,4,3,19.8,98,3/9/2024,7.3,3.38,39.2,2.16,18.8,14.03,6/15/2024,0,102,7,13,4.24,2794.870539,3,69.95,62.73,8631.460392
2024,RCBD,2024-February-27,2024-July-22,213L1140,plot,24_AYT_PV_RRS-rep1-213L1140_8,1,8,2,3,21.6,100,3/9/2024,7.24,3.42,47.6,2.12,18.8,14.12,6/17/2024,0,93,5,17.6,4.03,2515.989616,5,68.02,51.28,8686.829703
2024,RCBD,2024-February-27,2024-July-22,223L1027,plot,24_AYT_PV_RRS-rep1-223L1027_23,1,23,5,3,26.7,97,3/9/2024,7.22,3.47,35.7,2.08,17.2,15.37,6/14/2024,0,97,7,12.6,4.97,3291.12523,3,71.84,66.69,9642.170039
2024,RCBD,2024-February-27,2024-July-22,223L1037,plot,24_AYT_PV_RRS-rep1-223L1037_3,1,3,1,3,15.4,107,3/9/2024,6.97,3.38,41.6,2.06,24.3,14.17,6/24/2024,0,92,5,16.3,3.82,2422.509046,5,69.11,62.14,8127.113247
2024,RCBD,2024-February-27,2024-July-22,223L1065,plot,24_AYT_PV_RRS-rep1-223L1065_15,1,15,3,5,27.2,96,3/9/2024,6.97,3.06,43.2,2.28,16.8,15.66,6/13/2024,0,93,5,17,4.81,3024.821528,3,71.38,63.66,9871.557185
2024,RCBD,2024-February-27,2024-July-22,223L1139,plot,24_AYT_PV_RRS-rep1-223L1139_2,1,2,1,2,19.6,102,3/9/2024,6.89,3.15,39.4,2.19,18.1,15.78,6/19/2024,0,96,7,16,4.89,3112.180174,3,70.29,65.27,9791.776281
2024,RCBD,2024-February-27,2024-July-22,223L1213,plot,24_AYT_PV_RRS-rep1-223L1213_1,1,1,1,1,31.6,94,3/9/2024,6.84,3.21,41.4,2.13,14.8,17.14,6/11/2024,0,99,7,12.7,4.72,3121.999498,3,70.21,62.76,11064.22488
2024,RCBD,2024-February-27,2024-July-22,223L1216,plot,24_AYT_PV_RRS-rep1-223L1216_12,1,12,3,2,23.8,98,3/9/2024,6.81,3.05,34.5,2.23,18.6,14.89,6/15/2024,0,93,7,16,5.21,3315.840226,3,71.25,66.82,9183.107839
2024,RCBD,2024-February-27,2024-July-22,223L1236,plot,24_AYT_PV_RRS-rep1-223L1236_17,1,17,4,4,22.9,94,3/9/2024,7.28,3.52,41.6,2.07,17.4,15.49,6/11/2024,0,101,7,15.3,4.85,3112.445356,3,68.96,58.96,9693.978379
2024,RCBD,2024-February-27,2024-July-22,23AR2133,plot,24_AYT_PV_RRS-rep1-23AR2133_25,1,25,5,5,45.5,99,3/9/2024,6.88,3.26,35.1,2.11,21,15.39,6/16/2024,0,106,7,19.7,6.13,3729.517131,3,70.06,63.01,9211.625913
2024,RCBD,2024-February-27,2024-July-22,23AR2134,plot,24_AYT_PV_RRS-rep1-23AR2134_4,1,4,1,4,29.1,98,3/9/2024,6.88,3.34,38.4,2.06,20.5,16.68,6/15/2024,0,96,7,18.9,4.74,2912.566047,3,67.42,59.18,10046.9388
2024,RCBD,2024-February-27,2024-July-22,23AR2205,plot,24_AYT_PV_RRS-rep1-23AR2205_9,1,9,2,2,34,99,3/9/2024,6.19,2.48,35.3,2.5,22.2,17.61,6/16/2024,0,96,7,16.3,4.04,2562.025274,5,67.91,61.22,10380.29114
2024,RCBD,2024-February-27,2024-July-22,23DGL-002PV,plot,24_AYT_PV_RRS-rep1-23DGL-002PV_13,1,13,3,3,29.5,101,3/9/2024,6.49,2.77,41.2,2.34,23.2,15.69,6/18/2024,0,92,7,20.7,3.58,2150.96231,3,66.72,59.76,9129.662967
2024,RCBD,2024-February-27,2024-July-22,23DGL-007PV-2,plot,24_AYT_PV_RRS-rep1-23DGL-007PV-2_6,1,6,2,5,15.4,105,3/9/2024,6.44,2.89,39.2,2.23,21.5,15.07,6/22/2024,0,97,7,17.3,3.68,2305.843961,5,69.25,64.5,8963.001947
2024,RCBD,2024-February-27,2024-July-22,23DGL-015PV-3,plot,24_AYT_PV_RRS-rep1-23DGL-015PV-3_11,1,11,3,1,26.8,99,3/9/2024,6.41,2.76,39.2,2.32,20.5,13.88,6/16/2024,0,97,7,17.7,3.86,2406.931477,5,69.11,62.61,8360.402308
2024,RCBD,2024-February-27,2024-July-22,23DGL-017PV-1,plot,24_AYT_PV_RRS-rep1-23DGL-017PV-1_7,1,7,2,4,31.9,101,3/9/2024,6.55,2.91,44.9,2.25,19.7,14.23,6/18/2024,0,93,7,18.7,3.66,2254.489503,5,67.63,59.56,8657.470633
2024,RCBD,2024-February-27,2024-July-22,23DGL-024PV-3,plot,24_AYT_PV_RRS-rep1-23DGL-024PV-3_24,1,24,5,4,15.9,107,3/9/2024,6.56,2.8,37.1,2.34,23.2,14.78,6/24/2024,0,95,7,16,3.79,2412.098744,5,68.99,64.46,8600.154153
2024,RCBD,2024-February-27,2024-July-22,PVL03,plot,24_AYT_PV_RRS-rep1-PVL03_14,1,14,3,4,23.4,98,3/9/2024,7.15,3.33,41,2.15,17.4,16.5,6/15/2024,0,95,7,14.2,4.84,3146.365968,1,71.24,62.72,10326.05831
2024,RCBD,2024-February-27,2024-July-22,PVL04,plot,24_AYT_PV_RRS-rep1-PVL04_21,1,21,5,1,25.4,105,3/9/2024,7.17,3.3,36.3,2.17,25.2,15.45,6/22/2024,0,97,7,17.7,5.28,3292.382952,3,69.58,64.37,8755.897388
2024,RCBD,2024-February-27,2024-July-22,RU2102186,plot,24_AYT_PV_RRS-rep1-RU2102186_10,1,10,2,1,26.9,99,3/9/2024,7.05,3.49,43.2,2.02,16.8,14.56,6/16/2024,0,95,7,14.3,4.83,3136.205696,3,70.3,61.77,9178.152785
2024,RCBD,2024-February-27,2024-July-22,19T-262-128,plot,24_AYT_PV_RRS-rep2-19T-262-128_35,2,35,7,5,25.1,96,3/9/2024,7.04,3.31,41.6,2.13,16.8,14.29,6/13/2024,0,101,7,12.5,5.46,3619.739211,3,70.39,61.89,9007.953524
2024,RCBD,2024-February-27,2024-July-22,19T-262-244,plot,24_AYT_PV_RRS-rep2-19T-262-244_36,2,36,8,5,22.2,97,3/9/2024,7.05,3.23,38.6,2.18,16.6,15.04,6/14/2024,0,99,7,12.4,5.33,3537.593292,1,72.33,66.15,9503.519465
2024,RCBD,2024-February-27,2024-July-22,19T-262-62,plot,24_AYT_PV_RRS-rep2-19T-262-62_34,2,34,7,4,20.9,96,3/9/2024,6.89,3.16,39.4,2.18,16.5,14.77,6/13/2024,0,101,7,12.4,4.87,3232.285053,3,71.41,64.2,9344.101612
2024,RCBD,2024-February-27,2024-July-22,203L1104,plot,24_AYT_PV_RRS-rep2-203L1104_49,2,49,10,2,15.6,107,3/9/2024,7,3.26,36.5,2.15,24.7,14.56,6/24/2024,0,91,5,15.5,6.07,3886.171716,5,70.88,66.99,8306.669528
2024,RCBD,2024-February-27,2024-July-22,213L1041,plot,24_AYT_PV_RRS-rep2-213L1041_44,2,44,9,4,23.4,97,3/9/2024,6.96,3.25,39.4,2.14,19.5,15.84,6/14/2024,0,107,5,13.4,5.83,3825.278269,1,70.94,63.23,9660.99015
2024,RCBD,2024-February-27,2024-July-22,213L1130,plot,24_AYT_PV_RRS-rep2-213L1130_32,2,32,7,2,20.4,97,3/9/2024,7.27,3.35,39.2,2.17,20.2,14.75,6/14/2024,0,99,7,12.1,4.68,3116.817077,3,70.13,62.36,8917.959452
2024,RCBD,2024-February-27,2024-July-22,213L1140,plot,24_AYT_PV_RRS-rep2-213L1140_29,2,29,6,2,26.6,100,3/9/2024,7.28,3.4,45.6,2.14,19.1,14.78,6/17/2024,0,101,7,16.9,5.15,3242.536245,3,67.98,53.18,9059.276966
2024,RCBD,2024-February-27,2024-July-22,223L1027,plot,24_AYT_PV_RRS-rep2-223L1027_27,2,27,6,4,21.2,97,3/9/2024,7.16,3.46,37.5,2.07,15.5,14.03,6/14/2024,0,101,7,11.6,4.73,3168.035156,3,71.3,65.1,8982.246343
2024,RCBD,2024-February-27,2024-July-22,223L1037,plot,24_AYT_PV_RRS-rep2-223L1037_30,2,30,6,1,14.9,106,3/9/2024,7.17,3.41,38.6,2.1,24.7,12.75,6/23/2024,0,96,7,15.3,3.67,2355.19061,3,68.28,60.65,7274.040967
2024,RCBD,2024-February-27,2024-July-22,223L1065,plot,24_AYT_PV_RRS-rep2-223L1065_46,2,46,10,5,25.3,96,3/9/2024,6.99,3.11,41.9,2.25,19.4,15.7,6/13/2024,0,100,5,16.5,6.09,3852.834505,3,71.85,63.92,9587.497769
2024,RCBD,2024-February-27,2024-July-22,223L1139,plot,24_AYT_PV_RRS-rep2-223L1139_28,2,28,6,3,21.8,100,3/9/2024,6.9,3.15,38.4,2.19,18.4,14.54,6/17/2024,0,99,7,16.4,6.18,3914.455309,3,70.73,65.55,8989.284944
2024,RCBD,2024-February-27,2024-July-22,223L1213,plot,24_AYT_PV_RRS-rep2-223L1213_33,2,33,7,3,33.4,94,3/9/2024,6.93,3.25,39.7,2.13,15.9,15.7,6/11/2024,0,108,7,14,5.19,3381.756984,3,71.52,64.33,10003.82832
2024,RCBD,2024-February-27,2024-July-22,223L1216,plot,24_AYT_PV_RRS-rep2-223L1216_43,2,43,9,3,28.4,96,3/9/2024,6.78,3.01,35.3,2.25,18.3,15.31,6/13/2024,0,95,7,16.7,5.53,3490.17111,1,70.48,64.55,9476.933407
2024,RCBD,2024-February-27,2024-July-22,223L1236,plot,24_AYT_PV_RRS-rep2-223L1236_41,2,41,9,1,28.5,95,3/9/2024,7.31,3.57,42.1,2.05,16.2,16.51,6/12/2024,0,107,7,16.8,5.01,3158.185525,1,68.58,58.41,10482.42282
2024,RCBD,2024-February-27,2024-July-22,23AR2133,plot,24_AYT_PV_RRS-rep2-23AR2133_31,2,31,7,1,43.8,99,3/9/2024,6.97,3.32,34.7,2.1,21.6,16.09,6/16/2024,0,99,7,20.1,6.06,3668.563071,3,69.44,63.46,9557.464388
2024,RCBD,2024-February-27,2024-July-22,23AR2134,plot,24_AYT_PV_RRS-rep2-23AR2134_26,2,26,6,5,37.4,98,3/9/2024,6.99,3.39,37.8,2.06,20.9,16.14,6/15/2024,0,103,7,20.5,6.26,3770.665856,3,67.41,59.14,9672.764084
2024,RCBD,2024-February-27,2024-July-22,23AR2205,plot,24_AYT_PV_RRS-rep2-23AR2205_38,2,38,8,3,28.2,99,3/9/2024,6.14,2.37,33.6,2.59,21.6,17.97,6/16/2024,0,105,7,17.5,4.98,3112.862071,3,68.07,60.89,10674.1849
2024,RCBD,2024-February-27,2024-July-22,23DGL-002PV,plot,24_AYT_PV_RRS-rep2-23DGL-002PV_37,2,37,8,4,25.5,103,3/9/2024,6.6,2.83,40.1,2.33,22.9,16.67,6/20/2024,0,86,7,20.2,4.5,2720.771011,3,68.62,62.82,9737.793476
2024,RCBD,2024-February-27,2024-July-22,23DGL-007PV-2,plot,24_AYT_PV_RRS-rep2-23DGL-007PV-2_48,2,48,10,3,14.4,104,3/9/2024,6.45,2.88,38.6,2.24,23.8,14.26,6/21/2024,0,92,7,18.9,4.46,2740.515732,5,69.17,64.41,8232.752862
2024,RCBD,2024-February-27,2024-July-22,23DGL-015PV-3,plot,24_AYT_PV_RRS-rep2-23DGL-015PV-3_40,2,40,8,1,26.1,99,3/9/2024,6.43,2.77,38.2,2.32,22.7,16.39,6/16/2024,0,96,7,19.6,4.28,2607.212348,5,68.7,62.15,9599.067137
2024,RCBD,2024-February-27,2024-July-22,23DGL-017PV-1,plot,24_AYT_PV_RRS-rep2-23DGL-017PV-1_42,2,42,9,2,33,101,3/9/2024,6.55,2.9,42.8,2.26,22.8,14.03,6/18/2024,0,96,7,18.6,4.07,2510.125298,3,67.55,59.91,8206.265298
2024,RCBD,2024-February-27,2024-July-22,23DGL-024PV-3,plot,24_AYT_PV_RRS-rep2-23DGL-024PV-3_39,2,39,8,2,19.7,105,3/9/2024,6.52,2.79,36.5,2.34,23.8,16.47,6/22/2024,0,98,5,16.6,2.63,1661.875119,5,67.75,62.67,9508.656356
2024,RCBD,2024-February-27,2024-July-22,PVL03,plot,24_AYT_PV_RRS-rep2-PVL03_50,2,50,10,1,25.8,98,3/9/2024,7.16,3.3,39.7,2.17,18.7,15.2,6/15/2024,0,102,5,14.6,5.36,3468.160974,3,70.56,62.83,9362.777768
2024,RCBD,2024-February-27,2024-July-22,PVL04,plot,24_AYT_PV_RRS-rep2-PVL04_45,2,45,9,5,22.6,103,3/9/2024,7.22,3.3,38,2.19,26,15.97,6/20/2024,0,108,7,16.4,7.04,4459.185335,3,68.86,62.39,8953.796458
2024,RCBD,2024-February-27,2024-July-22,RU2102186,plot,24_AYT_PV_RRS-rep2-RU2102186_47,2,47,10,4,31.9,98,3/9/2024,7.01,3.44,42.1,2.04,17.1,15.4,6/15/2024,0,97,7,14.4,5.03,3262.258236,3,71.01,62.52,9672.658013
2024,RCBD,2024-March-28,2024-July-31,19T-262-128,plot,24_AYT_PV_RRSL-rep1-19T-262-128_22,1,22,4,7,15.5,75,4/5/2024,6.97,3.21,41.2,2.17,15.9,11.58,6/19/2024,10,97,5,12.3,4.56,3029.988796,5,71.16,63.51,7378.619867
2024,RCBD,2024-March-28,2024-July-31,19T-262-244,plot,24_AYT_PV_RRSL-rep1-19T-262-244_7,1,7,1,7,19.1,75,4/5/2024,6.95,3.26,42.1,2.13,15.3,10.86,6/19/2024,0,95,5,12.9,3.38,2230.547324,3,70.51,60.95,6969.214271
2024,RCBD,2024-March-28,2024-July-31,19T-262-62,plot,24_AYT_PV_RRSL-rep1-19T-262-62_24,1,24,4,5,13.9,73,4/5/2024,6.94,3.24,40.1,2.14,15.9,14.35,6/17/2024,0,95,7,14.6,4.52,2924.643209,3,72.22,65.43,9143.62652
2024,RCBD,2024-March-28,2024-July-31,203L1104,plot,24_AYT_PV_RRSL-rep1-203L1104_14,1,14,2,1,15.3,83,4/5/2024,6.96,3.14,33.9,2.22,18.1,14.01,6/27/2024,0,103,7,16.6,4.84,3058.355732,3,72.99,68.99,8693.45917
2024,RCBD,2024-March-28,2024-July-31,213L1041,plot,24_AYT_PV_RRSL-rep1-213L1041_19,1,19,3,5,17,74,4/5/2024,7,3.26,37.8,2.15,16.2,14.87,6/18/2024,10,105,5,14.5,4.98,3226.057056,1,73.6,66.87,9441.16459
2024,RCBD,2024-March-28,2024-July-31,213L1130,plot,24_AYT_PV_RRSL-rep1-213L1130_2,1,2,1,2,17.5,78,4/5/2024,7.24,3.37,37.8,2.15,17.1,14.9,6/22/2024,0,100,5,17.3,4.8,3007.622558,1,71.06,64.24,9358.610674
2024,RCBD,2024-March-28,2024-July-31,213L1140,plot,24_AYT_PV_RRSL-rep1-213L1140_20,1,20,3,6,21.4,79,4/5/2024,7.17,3.32,43.2,2.16,16,16.76,6/23/2024,0,103,5,15.8,3.56,2271.112649,1,71.31,59.52,10666.54775
2024,RCBD,2024-March-28,2024-July-31,223L1027,plot,24_AYT_PV_RRSL-rep1-223L1027_6,1,6,1,6,23.8,70,4/5/2024,7.07,3.43,39.9,2.06,16,13.69,6/14/2024,0,92,5,13.7,4.08,2667.764846,1,72.2,63.88,8712.711143
2024,RCBD,2024-March-28,2024-July-31,223L1037,plot,24_AYT_PV_RRSL-rep1-223L1037_18,1,18,3,4,14.3,83,4/5/2024,7.19,3.36,34.7,2.14,20.8,13.47,6/27/2024,0,100,5,19.8,2.83,1719.639413,3,72.18,66.87,8082.828405
2024,RCBD,2024-March-28,2024-July-31,223L1065,plot,24_AYT_PV_RRSL-rep1-223L1065_8,1,8,2,7,17.5,75,4/5/2024,6.95,3.1,45.4,2.24,14.2,12.41,6/19/2024,0,93,9,13.4,3.58,2348.970189,5,72.06,63.63,8067.326816
2024,RCBD,2024-March-28,2024-July-31,223L1139,plot,24_AYT_PV_RRSL-rep1-223L1139_25,1,25,4,4,17.9,80,4/5/2024,6.82,2.98,35.9,2.29,18.9,14.2,6/24/2024,0,102,5,15.1,5.7,3666.562839,3,72.24,68.39,8725.28819
2024,RCBD,2024-March-28,2024-July-31,223L1213,plot,24_AYT_PV_RRSL-rep1-223L1213_17,1,17,3,3,28.9,71,4/5/2024,6.85,3.25,39.9,2.11,15.8,14.94,6/15/2024,0,114,5,14.1,3.83,2492.691452,1,72.23,65.19,9530.885907
2024,RCBD,2024-March-28,2024-July-31,223L1216,plot,24_AYT_PV_RRSL-rep1-223L1216_23,1,23,4,6,18.4,74,4/5/2024,6.74,3.08,36.9,2.19,16.4,14.56,6/18/2024,0,100,5,13.2,5.48,3603.934342,3,71.73,66.79,9222.27852
2024,RCBD,2024-March-28,2024-July-31,223L1236,plot,24_AYT_PV_RRSL-rep1-223L1236_12,1,12,2,3,15.9,74,4/5/2024,7.11,3.47,39.7,2.05,17,14.26,6/18/2024,0,111,7,14.5,4.77,3090.018505,9,69.97,60.18,8967.434219
2024,RCBD,2024-March-28,2024-July-31,23AR2133,plot,24_AYT_PV_RRSL-rep1-23AR2133_4,1,4,1,4,36.1,78,4/5/2024,6.8,3.18,36.9,2.14,17.8,16.91,6/22/2024,0,104,7,21.7,5.58,3310.339586,3,70.96,63.3,10531.39754
2024,RCBD,2024-March-28,2024-July-31,23AR2134,plot,24_AYT_PV_RRSL-rep1-23AR2134_13,1,13,2,2,24.5,77,4/5/2024,6.89,3.28,33.9,2.1,17.7,16.57,6/21/2024,0,102,7,20,6.5,3939.852202,3,70.73,62.63,10332.20288
2024,RCBD,2024-March-28,2024-July-31,23AR2205,plot,24_AYT_PV_RRSL-rep1-23AR2205_21,1,21,3,7,22.9,81,4/5/2024,6.18,2.4,33.2,2.58,21,16.08,6/25/2024,0,101,7,15.1,4.9,3151.957528,3,71.32,64.08,9624.622786
2024,RCBD,2024-March-28,2024-July-31,23DGL-002PV,plot,24_AYT_PV_RRSL-rep1-23DGL-002PV_15,1,15,3,1,21.1,81,4/5/2024,6.48,2.85,38.8,2.27,19.6,15.58,6/25/2024,0,97,7,22,2.51,1483.354354,3,70.04,63.87,9490.609051
2024,RCBD,2024-March-28,2024-July-31,23DGL-007PV-2,plot,24_AYT_PV_RRSL-rep1-23DGL-007PV-2_3,1,3,1,3,14.4,80,4/5/2024,6.42,2.89,38,2.22,17.5,14.5,6/24/2024,0,98,9,16.6,3.57,2255.853298,1,71.76,66.53,9063.428906
2024,RCBD,2024-March-28,2024-July-31,23DGL-015PV-3,plot,24_AYT_PV_RRSL-rep1-23DGL-015PV-3_1,1,1,1,1,24.2,75,4/5/2024,6.37,2.73,38.6,2.33,16.2,14.33,6/19/2024,0,101,7,16.3,2.96,1877.127428,3,71.22,64.04,9098.311269
2024,RCBD,2024-March-28,2024-July-31,23DGL-017PV-1,plot,24_AYT_PV_RRSL-rep1-23DGL-017PV-1_5,1,5,1,5,26.8,77,4/5/2024,6.53,2.9,41.6,2.25,16.9,14.41,6/21/2024,0,93,9,18.4,2.58,1595.094624,1,70.18,62.81,9072.679854
2024,RCBD,2024-March-28,2024-July-31,23DGL-024PV-3,plot,24_AYT_PV_RRSL-rep1-23DGL-024PV-3_16,1,16,3,2,19.2,81,4/5/2024,6.5,2.8,37.8,2.32,19.3,15.01,6/25/2024,0,100,9,16.8,4.31,2716.922078,1,70.14,64.34,9177.50878
2024,RCBD,2024-March-28,2024-July-31,PVL03,plot,24_AYT_PV_RRSL-rep1-PVL03_11,1,11,2,4,17.4,77,4/5/2024,7.08,3.23,39.2,2.19,17,14.04,6/21/2024,0,105,7,18.1,4.44,2755.138645,1,71.91,63.39,8829.086707
2024,RCBD,2024-March-28,2024-July-31,PVL04,plot,24_AYT_PV_RRSL-rep1-PVL04_9,1,9,2,6,19.6,81,4/5/2024,7.13,3.23,38,2.21,18.3,15.54,6/25/2024,0,99,7,16.8,5.47,3448.158647,3,71.89,65.22,9619.304059
2024,RCBD,2024-March-28,2024-July-31,RU2102186,plot,24_AYT_PV_RRSL-rep1-RU2102186_10,1,10,2,5,22.3,77,4/5/2024,6.92,3.38,41.9,2.05,15.7,13.87,6/21/2024,0,100,7,14.3,3.62,2350.530977,3,71.58,64.2,8858.794297
2024,RCBD,2024-March-28,2024-July-31,19T-262-128,plot,24_AYT_PV_RRSL-rep2-19T-262-128_34,2,34,5,6,17.3,76,4/5/2024,7.11,3.34,39,2.13,16.8,15.91,6/20/2024,0,98,5,13.4,5.61,3680.928146,3,72.2,65.92,10029.14909
2024,RCBD,2024-March-28,2024-July-31,19T-262-244,plot,24_AYT_PV_RRSL-rep2-19T-262-244_47,2,47,7,5,16.2,76,4/5/2024,6.99,3.24,40.3,2.16,16.8,14.72,6/20/2024,0,101,5,13.7,5.26,3439.324286,3,72.29,65.14,9279.011607
2024,RCBD,2024-March-28,2024-July-31,19T-262-62,plot,24_AYT_PV_RRSL-rep2-19T-262-62_50,2,50,8,7,20,75,4/5/2024,6.91,3.24,40.3,2.13,16.2,12.1,6/19/2024,0,99,3,12.5,5.58,3699.293918,5,72.63,66.77,7682.454038
2024,RCBD,2024-March-28,2024-July-31,203L1104,plot,24_AYT_PV_RRSL-rep2-203L1104_40,2,40,6,3,13.9,82,4/5/2024,7.02,3.22,32.6,2.18,18.8,14.45,6/26/2024,0,96,5,15,5.67,3651.561094,5,73.87,70.05,8889.85051
2024,RCBD,2024-March-28,2024-July-31,213L1041,plot,24_AYT_PV_RRSL-rep2-213L1041_44,2,44,7,2,18.2,75,4/5/2024,7.05,3.26,36.9,2.16,17.3,15.14,6/19/2024,0,105,5,16.4,5.57,3528.077034,1,73.57,66.95,9486.411651
2024,RCBD,2024-March-28,2024-July-31,213L1130,plot,24_AYT_PV_RRSL-rep2-213L1130_49,2,49,7,7,15.8,78,4/5/2024,7.22,3.31,39,2.18,17.7,14.31,6/22/2024,0,110,5,14.7,5.71,3690.300448,3,72.1,65.83,8922.982694
2024,RCBD,2024-March-28,2024-July-31,213L1140,plot,24_AYT_PV_RRSL-rep2-213L1140_31,2,31,5,3,19.8,78,4/5/2024,7.22,3.39,43.2,2.13,15.8,15.55,6/22/2024,0,105,5,16.4,3.42,2166.251967,1,70.89,59.5,9920.031851
2024,RCBD,2024-March-28,2024-July-31,223L1027,plot,24_AYT_PV_RRSL-rep2-223L1027_26,2,26,4,3,20.2,72,4/5/2024,7.18,3.45,35.5,2.08,15.8,14.88,6/16/2024,10,96,7,15.2,4.91,3154.669965,3,73.05,66.72,9492.609256
2024,RCBD,2024-March-28,2024-July-31,223L1037,plot,24_AYT_PV_RRSL-rep2-223L1037_35,2,35,5,7,8,84,4/5/2024,7.23,3.43,38,2.11,18.4,11.81,6/28/2024,0,91,5,14.9,4.43,2856.33981,3,71.44,65.81,7301.475597
2024,RCBD,2024-March-28,2024-July-31,223L1065,plot,24_AYT_PV_RRSL-rep2-223L1065_42,2,42,6,1,22.2,75,4/5/2024,6.98,3.05,38.8,2.29,15.6,13.58,6/19/2024,60,101,5,16.5,2.58,1632.235307,3,73.42,67.19,8683.859701
2024,RCBD,2024-March-28,2024-July-31,223L1139,plot,24_AYT_PV_RRSL-rep2-223L1139_33,2,33,5,5,17.4,78,4/5/2024,6.91,3.1,36.9,2.23,16.7,14.57,6/22/2024,0,99,3,17.1,6.86,4308.789054,3,73,68.55,9195.495472
2024,RCBD,2024-March-28,2024-July-31,223L1213,plot,24_AYT_PV_RRSL-rep2-223L1213_46,2,46,7,4,29.5,71,4/5/2024,7.01,3.32,37.3,2.11,16.7,16.44,6/15/2024,40,107,5,14.7,5.14,3321.916691,1,73.36,66.86,10375.69976
2024,RCBD,2024-March-28,2024-July-31,223L1216,plot,24_AYT_PV_RRSL-rep2-223L1216_43,2,43,7,1,21.9,74,4/5/2024,6.84,3.03,32.4,2.26,16.9,14.31,6/18/2024,0,102,5,16.1,4.12,2619.001598,1,73.78,68.49,9009.718856
2024,RCBD,2024-March-28,2024-July-31,223L1236,plot,24_AYT_PV_RRSL-rep2-223L1236_28,2,28,4,1,19,73,4/5/2024,7.15,3.49,38.6,2.05,17.2,14.86,6/17/2024,0,104,5,15.6,4.74,3031.079832,3,70.63,62.07,9322.228158
2024,RCBD,2024-March-28,2024-July-31,23AR2133,plot,24_AYT_PV_RRSL-rep2-23AR2133_37,2,37,6,6,28.5,78,4/5/2024,6.84,3.12,35.1,2.19,18.9,15.73,6/22/2024,0,104,5,19.4,6.52,3981.614635,3,71.29,63.33,9665.407269
2024,RCBD,2024-March-28,2024-July-31,23AR2134,plot,24_AYT_PV_RRSL-rep2-23AR2134_45,2,45,7,3,30.1,78,4/5/2024,7,3.33,33.6,2.1,18.1,16.64,6/22/2024,0,107,5,20.1,7.57,4582.676972,3,70.97,63.77,10325.42188
2024,RCBD,2024-March-28,2024-July-31,23AR2205,plot,24_AYT_PV_RRSL-rep2-23AR2205_32,2,32,5,4,21.4,81,4/5/2024,6.04,2.34,34.1,2.58,22.1,17.69,6/25/2024,0,109,7,15.1,3.25,2090.584075,3,71.23,65.13,10440.85038
2024,RCBD,2024-March-28,2024-July-31,23DGL-002PV,plot,24_AYT_PV_RRSL-rep2-23DGL-002PV_29,2,29,5,1,23.5,79,4/5/2024,6.46,2.78,37.8,2.32,19.8,15.88,6/23/2024,0,102,9,20.3,2.33,1406.989411,3,70.73,65.28,9649.291981
2024,RCBD,2024-March-28,2024-July-31,23DGL-007PV-2,plot,24_AYT_PV_RRSL-rep2-23DGL-007PV-2_38,2,38,6,5,17.4,78,4/5/2024,6.48,2.91,38.2,2.23,18.7,15.26,6/22/2024,0,102,7,16.5,3.53,2233.252184,1,71.02,65.79,9399.736101
2024,RCBD,2024-March-28,2024-July-31,23DGL-015PV-3,plot,24_AYT_PV_RRSL-rep2-23DGL-015PV-3_30,2,30,5,2,27.1,76,4/5/2024,6.44,2.78,37.3,2.32,16.3,14,6/20/2024,0,102,7,16.2,4.6,2920.642744,1,71.16,64.7,8878.182648
2024,RCBD,2024-March-28,2024-July-31,23DGL-017PV-1,plot,24_AYT_PV_RRSL-rep2-23DGL-017PV-1_36,2,36,6,7,24.8,78,4/5/2024,6.51,2.92,41.2,2.23,16.9,13.57,6/22/2024,0,95,7,16.8,2.94,1853.306476,3,69.57,62.79,8543.807469
2024,RCBD,2024-March-28,2024-July-31,23DGL-024PV-3,plot,24_AYT_PV_RRSL-rep2-23DGL-024PV-3_48,2,48,7,6,18.1,81,4/5/2024,6.56,2.84,36.5,2.31,19.3,15.21,6/25/2024,0,98,5,17.5,3.84,2400.279188,3,71.11,65.4,9299.79404
2024,RCBD,2024-March-28,2024-July-31,PVL03,plot,24_AYT_PV_RRSL-rep2-PVL03_41,2,41,6,2,21.4,77,4/5/2024,7.18,3.26,36.9,2.2,16,13.25,6/21/2024,30,106,7,16.7,5.41,3414.435028,1,72.97,65.64,8432.682443
2024,RCBD,2024-March-28,2024-July-31,PVL04,plot,24_AYT_PV_RRSL-rep2-PVL04_27,2,27,4,2,15.7,80,4/5/2024,7.04,3.12,34.7,2.26,19.6,14.34,6/24/2024,0,107,7,23,4.29,2502.791111,3,73.25,67.28,8735.258909
2024,RCBD,2024-March-28,2024-July-31,RU2102186,plot,24_AYT_PV_RRSL-rep2-RU2102186_39,2,39,6,4,20.8,78,4/5/2024,7.09,3.44,36.9,2.06,17,14.22,6/22/2024,10,104,7,16.1,3.77,2396.513598,3,73.56,67.89,8942.280126
2024,RCBD,2024-February-29,2024-July-30,19T-262-128,plot,24_AYT_PV_SF-rep1-19T-262-128_14,1,14,3,4,12,88,3/11/2024,7,3.32,41.4,2.11,14.4,15.03,6/7/2024,0,103,7,11.5,3.13,2098.766845,3,69.28,60.92,9747.726312
2024,RCBD,2024-February-29,2024-July-30,19T-262-244,plot,24_AYT_PV_SF-rep1-19T-262-244_10,1,10,2,1,12.5,90,3/11/2024,6.87,3.2,40.8,2.15,14.5,14.42,6/9/2024,10,102,7,12.2,2.39,1589.89705,1,69.76,60.68,9341.184646
2024,RCBD,2024-February-29,2024-July-30,19T-262-62,plot,24_AYT_PV_SF-rep1-19T-262-62_8,1,8,2,3,10.2,88,3/11/2024,6.77,3.19,40.1,2.12,13.9,13.17,6/7/2024,10,109,7,10.6,2.65,1794.98151,1,69.28,59.29,8591.312337
2024,RCBD,2024-February-29,2024-July-30,203L1104,plot,24_AYT_PV_SF-rep1-203L1104_6,1,6,2,5,18.2,95,3/11/2024,6.81,3.21,39.4,2.12,14.3,13.99,6/14/2024,0,91,7,16.9,5.01,3154.389629,3,68.31,60.03,9083.832513
2024,RCBD,2024-February-29,2024-July-30,213L1041,plot,24_AYT_PV_SF-rep1-213L1041_13,1,13,3,3,17.8,88,3/11/2024,6.9,3.27,40.5,2.11,14.4,15.17,6/7/2024,0,111,7,15,3.01,1938.48305,1,65.8,57.12,9838.523497
2024,RCBD,2024-February-29,2024-July-30,213L1130,plot,24_AYT_PV_SF-rep1-213L1130_16,1,16,4,5,17.1,91,3/11/2024,7.11,3.31,41.6,2.15,13.6,14.74,6/10/2024,20,102,7,15.6,3.68,2353.243414,3,68.37,58.12,9648.98892
2024,RCBD,2024-February-29,2024-July-30,213L1140,plot,24_AYT_PV_SF-rep1-213L1140_24,1,24,5,4,19.6,93,3/11/2024,7.06,3.28,45.1,2.15,13.3,15.77,6/12/2024,30,96,7,16.8,4.58,2887.123694,3,68.64,54.53,10359.08442
2024,RCBD,2024-February-29,2024-July-30,223L1027,plot,24_AYT_PV_SF-rep1-223L1027_11,1,11,3,1,12.2,88,3/11/2024,6.97,3.35,40.3,2.08,13.9,15.91,6/7/2024,0,102,7,13,3.22,2122.519607,1,70.06,60.24,10378.7228
2024,RCBD,2024-February-29,2024-July-30,223L1037,plot,24_AYT_PV_SF-rep1-223L1037_21,1,21,5,1,20.1,95,3/11/2024,6.93,3.33,42.1,2.08,16.9,13.73,6/14/2024,0,93,5,19.1,4.48,2746.016372,3,66.99,56.65,8644.545066
2024,RCBD,2024-February-29,2024-July-30,223L1065,plot,24_AYT_PV_SF-rep1-223L1065_22,1,22,5,2,22.1,89,3/11/2024,6.9,3.11,45.4,2.22,13.8,16.29,6/8/2024,0,94,7,13.2,3.33,2189.982,3,70.55,61.58,10638.95402
2024,RCBD,2024-February-29,2024-July-30,223L1139,plot,24_AYT_PV_SF-rep1-223L1139_3,1,3,1,3,13.4,93,3/11/2024,6.84,3.1,40.1,2.21,13.5,14.6,6/12/2024,0,103,7,14.7,4.15,2682.09227,3,67.94,59.02,9568.404903
2024,RCBD,2024-February-29,2024-July-30,223L1213,plot,24_AYT_PV_SF-rep1-223L1213_12,1,12,3,2,23.6,86,3/11/2024,6.71,3.24,41.2,2.07,14.8,15.01,6/5/2024,0,116,7,15.7,3.46,2209.938866,1,69.25,59.25,9689.265775
2024,RCBD,2024-February-29,2024-July-30,223L1216,plot,24_AYT_PV_SF-rep1-223L1216_15,1,15,3,5,14.9,88,3/11/2024,6.76,3.14,39.9,2.15,14.3,15.84,6/7/2024,0,95,7,15.8,3.64,2322.148888,3,70.34,63.2,10285.05411
2024,RCBD,2024-February-29,2024-July-30,223L1236,plot,24_AYT_PV_SF-rep1-223L1236_5,1,5,1,5,14.6,87,3/11/2024,7.04,3.42,40.3,2.06,15,14.77,6/6/2024,0,108,7,12.8,3.13,2067.937501,3,68.15,56.2,9511.959724
2024,RCBD,2024-February-29,2024-July-30,23AR2133,plot,24_AYT_PV_SF-rep1-23AR2133_23,1,23,5,3,33.5,92,3/11/2024,6.61,3.1,41.9,2.13,15.1,16.49,6/11/2024,0,100,7,21.1,7.18,4292.181062,3,68.22,56.37,10607.1553
2024,RCBD,2024-February-29,2024-July-30,23AR2134,plot,24_AYT_PV_SF-rep1-23AR2134_17,1,17,4,4,26.2,91,3/11/2024,6.78,3.24,41,2.09,14.4,17.67,6/10/2024,0,102,7,19.1,7.29,4468.406105,1,67.85,54.57,11459.90179
2024,RCBD,2024-February-29,2024-July-30,23AR2205,plot,24_AYT_PV_SF-rep1-23AR2205_4,1,4,1,4,26.2,94,3/11/2024,6.03,2.43,39.7,2.48,18.2,17.23,6/13/2024,0,106,7,20.7,5.3,3184.385542,3,68.11,62.42,10678.47322
2024,RCBD,2024-February-29,2024-July-30,23DGL-002PV,plot,24_AYT_PV_SF-rep1-23DGL-002PV_9,1,9,2,2,28.5,95,3/11/2024,6.45,2.82,44.2,2.29,15.5,14.74,6/14/2024,0,95,7,20.5,3.26,1963.637491,3,67.26,58.14,9436.800506
2024,RCBD,2024-February-29,2024-July-30,23DGL-007PV-2,plot,24_AYT_PV_SF-rep1-23DGL-007PV-2_19,1,19,4,2,16.9,95,3/11/2024,6.34,2.84,43.5,2.23,15.7,16.94,6/14/2024,0,104,7,22.1,6.64,3919.061905,3,69.2,61.3,10819.6089
2024,RCBD,2024-February-29,2024-July-30,23DGL-015PV-3,plot,24_AYT_PV_SF-rep1-23DGL-015PV-3_25,1,25,5,5,17.6,94,3/11/2024,6.45,2.82,42.3,2.29,13.8,15.03,6/13/2024,50,101,7,20.5,5.62,3385.166472,3,68.74,58.66,9816.051497
2024,RCBD,2024-February-29,2024-July-30,23DGL-017PV-1,plot,24_AYT_PV_SF-rep1-23DGL-017PV-1_1,1,1,1,1,22.8,94,3/11/2024,6.47,2.9,43.7,2.23,14.8,14.81,6/13/2024,0,92,7,23.7,2.56,1479.929713,3,67.17,56.79,9560.161634
2024,RCBD,2024-February-29,2024-July-30,23DGL-024PV-3,plot,24_AYT_PV_SF-rep1-23DGL-024PV-3_18,1,18,4,3,19.2,95,3/11/2024,6.46,2.81,43.2,2.3,16.4,16.75,6/14/2024,0,99,7,24.6,5.58,3187.734417,3,67.55,58.99,10609.42069
2024,RCBD,2024-February-29,2024-July-30,PVL03,plot,24_AYT_PV_SF-rep1-PVL03_20,1,20,4,1,16.6,91,3/11/2024,6.96,3.21,41.4,2.17,15.6,15.61,6/10/2024,10,104,7,14.1,3.48,2264.899805,1,70.2,60.49,9981.96244
2024,RCBD,2024-February-29,2024-July-30,PVL04,plot,24_AYT_PV_SF-rep1-PVL04_7,1,7,2,4,21.4,95,3/11/2024,6.93,3.21,43.2,2.16,15,13.32,6/14/2024,40,101,7,17.6,3.67,2291.236201,3,67.59,56.83,8578.151898
2024,RCBD,2024-February-29,2024-July-30,RU2102186,plot,24_AYT_PV_SF-rep1-RU2102186_2,1,2,1,2,23.5,93,3/11/2024,6.87,3.37,43.2,2.04,14,14.51,6/12/2024,20,106,7,14.5,2.6,1684.286816,1,68.54,56.12,9454.453831
2024,RCBD,2024-February-29,2024-July-30,19T-262-128,plot,24_AYT_PV_SF-rep2-19T-262-128_34,2,34,7,4,10,89,3/11/2024,6.93,3.27,42.3,2.12,14.1,13.6,6/8/2024,30,101,7,11.5,3.3,2212.757376,3,69.14,60.65,8851.210186
2024,RCBD,2024-February-29,2024-July-30,19T-262-244,plot,24_AYT_PV_SF-rep2-19T-262-244_36,2,36,8,5,9.7,88,3/11/2024,6.81,3.18,41,2.14,13.6,14.2,6/7/2024,0,99,7,11.2,2.6,1749.294378,3,69.55,60.67,9295.498145
2024,RCBD,2024-February-29,2024-July-30,19T-262-62,plot,24_AYT_PV_SF-rep2-19T-262-62_28,2,28,6,3,11.6,88,3/11/2024,6.75,3.17,41.2,2.13,14.6,14.91,6/7/2024,0,102,7,11,2.61,1759.977438,1,69.32,60.36,9647.306929
2024,RCBD,2024-February-29,2024-July-30,203L1104,plot,24_AYT_PV_SF-rep2-203L1104_44,2,44,9,4,19.1,95,3/11/2024,6.76,3.22,41,2.1,14.9,14.78,6/14/2024,0,93,7,16.7,6.07,3830.983478,3,68.29,60.2,9529.597896
2024,RCBD,2024-February-29,2024-July-30,213L1041,plot,24_AYT_PV_SF-rep2-213L1041_41,2,41,9,1,17.6,90,3/11/2024,6.84,3.21,41.9,2.13,15.3,14.66,6/9/2024,0,112,7,14.1,3.8,2473.166453,1,70.02,60.24,9407.797534
2024,RCBD,2024-February-29,2024-July-30,213L1130,plot,24_AYT_PV_SF-rep2-213L1130_38,2,38,8,3,15.9,92,3/11/2024,7.03,3.27,41.2,2.15,14.8,15.4,6/11/2024,0,98,7,14.5,4.04,2617.122592,3,68.24,58.01,9941.01885
2024,RCBD,2024-February-29,2024-July-30,213L1140,plot,24_AYT_PV_SF-rep2-213L1140_45,2,45,9,5,17.2,93,3/11/2024,7.03,3.24,44.6,2.17,14.2,16.62,6/12/2024,0,104,7,16.1,4.76,3025.836798,3,68.89,53.58,10804.10731
2024,RCBD,2024-February-29,2024-July-30,223L1027,plot,24_AYT_PV_SF-rep2-223L1027_27,2,27,6,4,10.3,88,3/11/2024,6.99,3.34,41,2.09,13.9,15.41,6/7/2024,0,109,7,13.5,3.4,2228.289486,3,69.32,59.59,10052.55301
2024,RCBD,2024-February-29,2024-July-30,223L1037,plot,24_AYT_PV_SF-rep2-223L1037_37,2,37,8,4,19.9,94,3/11/2024,6.91,3.31,41.9,2.09,15.8,14.53,6/13/2024,0,96,7,17.5,4.94,3087.859163,3,67.06,56.98,9269.328797
2024,RCBD,2024-February-29,2024-July-30,223L1065,plot,24_AYT_PV_SF-rep2-223L1065_40,2,40,8,1,19,89,3/11/2024,6.87,3.05,45.8,2.25,13.6,15.83,6/8/2024,0,108,7,13,3.51,2313.678206,3,69.92,60.19,10362.51659
2024,RCBD,2024-February-29,2024-July-30,223L1139,plot,24_AYT_PV_SF-rep2-223L1139_32,2,32,7,2,20.1,94,3/11/2024,6.8,3.12,41.6,2.18,14.1,15.91,6/13/2024,0,106,7,16,6.63,4219.581708,1,69.73,61.35,10354.61427
2024,RCBD,2024-February-29,2024-July-30,223L1213,plot,24_AYT_PV_SF-rep2-223L1213_47,2,47,10,4,21.4,86,3/11/2024,6.74,3.27,41.9,2.06,13.8,13.75,6/5/2024,10,104,7,14.6,3.44,2225.834655,1,68.71,57.19,8980.087031
2024,RCBD,2024-February-29,2024-July-30,223L1216,plot,24_AYT_PV_SF-rep2-223L1216_35,2,35,7,5,17.8,89,3/11/2024,6.61,3.03,40.1,2.18,15,15.24,6/8/2024,10,103,7,14.9,3.37,2172.881526,3,69.22,60.46,9814.642261
2024,RCBD,2024-February-29,2024-July-30,223L1236,plot,24_AYT_PV_SF-rep2-223L1236_29,2,29,6,2,13.1,88,3/11/2024,7.12,3.49,41.2,2.04,15,16.55,6/7/2024,10,106,7,13.7,3.68,2406.219273,1,68.8,57.78,10658.28933
2024,RCBD,2024-February-29,2024-July-30,23AR2133,plot,24_AYT_PV_SF-rep2-23AR2133_39,2,39,8,2,30,92,3/11/2024,6.63,3.13,42.8,2.12,15.6,16.53,6/11/2024,0,106,7,21.2,7.62,4549.438257,3,67.76,55.09,10570.26516
2024,RCBD,2024-February-29,2024-July-30,23AR2134,plot,24_AYT_PV_SF-rep2-23AR2134_43,2,43,9,3,29.7,92,3/11/2024,6.72,3.25,40.5,2.07,14.4,17.01,6/11/2024,0,106,7,19.9,6.7,4066.154772,3,66.39,52.29,11031.85792
2024,RCBD,2024-February-29,2024-July-30,23AR2205,plot,24_AYT_PV_SF-rep2-23AR2205_50,2,50,10,1,27,95,3/11/2024,6.01,2.41,40.5,2.49,18.9,18.18,6/14/2024,0,113,7,18.7,6.2,3819.080579,3,68.96,64.5,11170.82671
2024,RCBD,2024-February-29,2024-July-30,23DGL-002PV,plot,24_AYT_PV_SF-rep2-23DGL-002PV_26,2,26,6,5,23.2,95,3/11/2024,6.4,2.78,45.6,2.3,14.5,15.78,6/14/2024,10,100,7,20.2,4.07,2460.786226,3,67.16,57.46,10222.18403
2024,RCBD,2024-February-29,2024-July-30,23DGL-007PV-2,plot,24_AYT_PV_SF-rep2-23DGL-007PV-2_30,2,30,6,1,16.1,95,3/11/2024,6.37,2.9,43.9,2.2,15.6,17.02,6/14/2024,0,96,7,23.3,6.98,4056.274835,3,68.65,59.84,10883.6003
2024,RCBD,2024-February-29,2024-July-30,23DGL-015PV-3,plot,24_AYT_PV_SF-rep2-23DGL-015PV-3_33,2,33,7,3,20.2,94,3/11/2024,6.37,2.78,43,2.29,15.7,12.38,6/13/2024,60,102,7,25.4,4.36,2464.347246,3,67.77,55.63,7907.128579
2024,RCBD,2024-February-29,2024-July-30,23DGL-017PV-1,plot,24_AYT_PV_SF-rep2-23DGL-017PV-1_49,2,49,10,2,25.9,95,3/11/2024,6.5,2.89,44.4,2.25,15.1,15.58,6/14/2024,20,95,7,25.7,4.91,2764.056349,1,67.48,57.31,10021.79986
2024,RCBD,2024-February-29,2024-July-30,23DGL-024PV-3,plot,24_AYT_PV_SF-rep2-23DGL-024PV-3_42,2,42,9,2,21,95,3/11/2024,6.43,2.78,44.2,2.31,19.6,16.35,6/14/2024,0,104,7,26.7,6.12,3398.849882,3,67.46,58.03,9959.657124
2024,RCBD,2024-February-29,2024-July-30,PVL03,plot,24_AYT_PV_SF-rep2-PVL03_48,2,48,10,3,14.4,90,3/11/2024,6.96,3.21,42.1,2.17,15.2,14.18,6/9/2024,50,106,7,18.2,5.49,3402.532128,1,68.43,57.1,9110.509489
2024,RCBD,2024-February-29,2024-July-30,PVL04,plot,24_AYT_PV_SF-rep2-PVL04_46,2,46,10,5,20.1,94,3/11/2024,6.94,3.21,43.2,2.16,16.2,15.8,6/13/2024,0,109,7,19.1,5.92,3628.664491,3,68.61,58.68,10031.6342
2024,RCBD,2024-February-29,2024-July-30,RU2102186,plot,24_AYT_PV_SF-rep2-RU2102186_31,2,31,7,1,21.2,93,3/11/2024,6.77,3.33,44.2,2.03,14.4,15.37,6/12/2024,0,104,7,15.4,3.87,2480.606713,1,69.15,57.59,9968.23376
